,centroid_x,centroid_y,centroid_z,cell_segid,cell_type,cell_subtype
1,41760,60256,1702,648518346349538237,pyramidal,pyramidal cell
2,98128,39856,218,648518346349536816,pyramidal,pyramidal cell
3,51248,50608,86,648518346349539797,pyramidal,pyramidal cell
5,115392,47136,617,648518346349536744,pyramidal,pyramidal cell
6,104928,72496,1448,648518346349536851,pyramidal,pyramidal cell
8,58128,35616,2059,648518346349522862,pyramidal,pyramidal cell
13,45856,56128,1002,648518346349529341,pyramidal,pyramidal cell
18,50128,75072,1916,648518346349530521,pyramidal,pyramidal cell
22,62128,75168,2128,648518346341382533,pyramidal,pyramidal cell
28,72944,35952,2038,648518346349492130,pyramidal,pyramidal cell
29,73744,68480,1228,648518346349531834,pyramidal,pyramidal cell
30,47648,50768,1370,648518346349537400,pyramidal,pyramidal cell
32,41840,66928,111,648518346349528749,pyramidal,pyramidal cell
35,118240,64352,2044,648518346349532050,pyramidal,pyramidal cell
38,55184,68480,664,648518346349538475,pyramidal,pyramidal cell
39,48864,66896,2058,648518346349538733,pyramidal,pyramidal cell
40,47248,72016,820,648518346349530766,pyramidal,pyramidal cell
45,47840,46080,1999,648518346349537071,pyramidal,pyramidal cell
47,46096,64320,500,648518346349528913,pyramidal,pyramidal cell
48,48048,74192,1520,648518346349535286,pyramidal,pyramidal cell
51,110640,78688,1695,648518346349523129,pyramidal,pyramidal cell
59,43968,72624,1439,648518346349533252,pyramidal,pyramidal cell
60,50128,64192,1379,648518346349524933,pyramidal,pyramidal cell
75,111520,51344,946,648518346349539891,pyramidal,pyramidal cell
82,72752,75248,738,648518346349538001,pyramidal,pyramidal cell
93,103552,58464,1209,648518346349539414,pyramidal,pyramidal cell
95,102256,37648,1981,648518346349525861,pyramidal,pyramidal cell
103,67920,39584,2148,648518346349492197,pyramidal,pyramidal cell
110,46672,66368,346,648518346349536478,pyramidal,pyramidal cell
116,112112,67040,2170,648518346349511899,pyramidal,pyramidal cell
148,77456,49968,1443,648518346349539895,pyramidal,pyramidal cell
167,60496,47376,949,648518346349539462,pyramidal,pyramidal cell
202,78848,71728,7,648518346349537916,pyramidal,pyramidal cell
236,58944,65504,2,648518346349528248,pyramidal,pyramidal cell
245,83552,72496,1215,648518346349538251,pyramidal,pyramidal cell
254,65456,51136,967,648518346349539068,pyramidal,pyramidal cell
268,79536,58176,857,648518346349539593,pyramidal,pyramidal cell
269,71600,48640,1236,648518346349537913,pyramidal,pyramidal cell
271,115024,72448,974,648518346349538254,pyramidal,pyramidal cell
273,70608,51760,23,648518346349537827,pyramidal,pyramidal cell
281,76832,47904,311,648518346349539437,pyramidal,pyramidal cell
283,76080,45936,2134,648518346349538312,pyramidal,pyramidal cell
287,75136,45888,105,648518346349539890,pyramidal,pyramidal cell
289,97456,60176,1014,648518346349539819,pyramidal,pyramidal cell
315,74688,72496,458,648518346349535007,pyramidal,pyramidal cell
333,116800,45920,791,648518346349526227,pyramidal,pyramidal cell
335,91344,66304,1223,648518346349539093,pyramidal,pyramidal cell
344,89888,41760,1979,648518346349531327,pyramidal,pyramidal cell
350,100688,70432,289,648518346349538391,pyramidal,pyramidal cell
355,89696,67552,966,648518346349539863,pyramidal,pyramidal cell
359,107968,60336,96,648518346349539844,pyramidal,pyramidal cell
360,108560,72496,1285,648518346349539471,pyramidal,pyramidal cell
361,81344,50240,2154,648518346349538414,pyramidal,pyramidal cell
362,89520,48128,1306,648518346349539864,pyramidal,pyramidal cell
364,43408,58304,2143,648518346349530177,pyramidal,pyramidal cell
368,52096,55232,1204,648518346349522230,pyramidal,pyramidal cell
373,109520,54048,482,648518346349534072,pyramidal,pyramidal cell
378,93344,59840,2157,648518346349539506,pyramidal,pyramidal cell
379,51232,47056,977,648518346349537981,pyramidal,pyramidal cell
386,92896,68368,408,648518346349539334,pyramidal,pyramidal cell
391,62080,43840,226,648518346349539594,pyramidal,pyramidal cell
392,114432,68400,2031,648518346349532067,pyramidal,pyramidal cell
396,89392,62304,1418,648518346349539856,pyramidal,pyramidal cell
397,99008,76512,1019,648518346349525821,pyramidal,pyramidal cell
398,46912,67040,2164,648518346349529960,pyramidal,pyramidal cell
400,58992,64336,908,648518346349536205,pyramidal,pyramidal cell
401,48992,62352,472,648518346349535264,pyramidal,pyramidal cell
405,118368,54080,1974,648518346349535102,pyramidal,pyramidal cell
406,111280,70704,1056,648518346349523266,pyramidal,pyramidal cell
408,92352,46992,2168,648518346349517132,pyramidal,pyramidal cell
420,39840,63872,1913,648518346349529778,pyramidal,pyramidal cell
421,77440,43776,265,648518346349538056,pyramidal,pyramidal cell
425,104960,66544,631,648518346349539851,pyramidal,pyramidal cell
430,80000,42304,24,648518346349494004,pyramidal,pyramidal cell
431,60672,45936,1607,648518346349538387,pyramidal,pyramidal cell
433,94064,64048,52,648518346349539862,pyramidal,pyramidal cell
434,85536,68208,53,648518346349539347,pyramidal,pyramidal cell
435,97760,76592,2044,648518346349505739,pyramidal,pyramidal cell
441,50736,51312,956,648518346349535363,pyramidal,pyramidal cell
443,63120,58432,1134,648518346349538365,pyramidal,pyramidal cell
445,95792,72336,1710,648518346349538416,pyramidal,pyramidal cell
446,99408,51936,2010,648518346349537897,pyramidal,pyramidal cell
448,55024,62448,1215,648518346349539836,pyramidal,pyramidal cell
449,50736,57104,971,648518346349539834,pyramidal,pyramidal cell
451,100336,64256,1227,648518346349539359,pyramidal,pyramidal cell
452,87936,72352,2101,648518346349539569,pyramidal,pyramidal cell
454,75360,75040,2142,648518346349525406,pyramidal,pyramidal cell
455,56800,45680,957,648518346349537835,pyramidal,pyramidal cell
457,80720,59872,2141,648518346349538270,pyramidal,pyramidal cell
461,61760,72384,1867,648518346349523306,pyramidal,pyramidal cell
464,82688,70656,1480,648518346349539785,pyramidal,pyramidal cell
465,99168,71056,2150,648518346349537492,pyramidal,pyramidal cell
467,45168,62416,1388,648518346349537946,pyramidal,pyramidal cell
470,68800,76176,1213,648518346349526534,pyramidal,pyramidal cell
472,55200,51968,11,648518346349528587,pyramidal,pyramidal cell
474,112304,45904,646,648518346349534794,pyramidal,pyramidal cell
475,52144,67632,1173,648518346349537996,pyramidal,pyramidal cell
479,70864,42368,24,648518346349523993,pyramidal,pyramidal cell
481,103776,47792,1558,648518346349539845,pyramidal,pyramidal cell
485,73280,42096,1083,648518346349535192,pyramidal,pyramidal cell
486,41680,70784,2134,648518346349529905,pyramidal,pyramidal cell
488,78976,39392,2145,648518346349537828,pyramidal,pyramidal cell
491,117088,40528,998,648518346349537844,pyramidal,pyramidal cell
492,103696,54208,228,648518346349538711,pyramidal,pyramidal cell
500,49536,62672,39,648518346349537472,pyramidal,pyramidal cell
501,84512,66576,1441,648518346349538395,pyramidal,pyramidal cell
502,55488,56016,1519,648518346349538098,pyramidal,pyramidal cell
504,66480,50336,208,648518346349533267,pyramidal,pyramidal cell
507,80912,46112,2021,648518346349539781,pyramidal,pyramidal cell
508,73088,60336,2161,648518346349525972,pyramidal,pyramidal cell
510,115520,52848,1194,648518346349539885,pyramidal,pyramidal cell
511,62800,70672,523,648518346349537851,pyramidal,pyramidal cell
512,48992,51184,289,648518346349528588,pyramidal,pyramidal cell
513,64320,74736,686,648518346349536811,pyramidal,pyramidal cell
518,77376,55856,167,648518346349537641,pyramidal,pyramidal cell
519,68512,66528,1503,648518346349537989,pyramidal,pyramidal cell
529,49056,55936,1976,648518346349539433,pyramidal,pyramidal cell
530,100992,47328,1125,648518346349540017,pyramidal,pyramidal cell
532,81552,52528,1202,648518346349538440,pyramidal,pyramidal cell
533,71776,54752,1155,648518346349538527,pyramidal,pyramidal cell
534,107888,38544,2147,648518346349493472,pyramidal,pyramidal cell
535,108608,54368,1575,648518346349539804,pyramidal,pyramidal cell
537,72720,46192,1937,648518346349534292,pyramidal,pyramidal cell
538,44144,59440,1005,648518346349529376,pyramidal,pyramidal cell
540,72688,41568,2162,648518346349537425,pyramidal,pyramidal cell
541,87296,46304,2098,648518346349531774,pyramidal,pyramidal cell
542,97536,63936,2114,648518346349536924,pyramidal,pyramidal cell
544,103584,50192,272,648518346349539809,pyramidal,pyramidal cell
546,110512,58720,46,648518346349536391,pyramidal,pyramidal cell
547,75184,50272,93,648518346349539803,pyramidal,pyramidal cell
549,68208,51904,626,648518346349538378,pyramidal,pyramidal cell
550,69968,38016,1515,648518346349537486,pyramidal,pyramidal cell
551,108208,76416,779,648518346349536997,pyramidal,pyramidal cell
555,100960,43632,898,648518346349536988,pyramidal,pyramidal cell
556,77760,74848,830,648518346349539586,pyramidal,pyramidal cell
557,62496,63008,2143,648518346349539390,pyramidal,pyramidal cell
558,67056,57504,2161,648518346349537244,pyramidal,pyramidal cell
563,111376,61984,1179,648518346349540051,pyramidal,pyramidal cell
564,71328,58560,671,648518346349537657,pyramidal,pyramidal cell
565,67856,43616,469,648518346349534289,pyramidal,pyramidal cell
566,65952,64336,2159,648518346349526132,pyramidal,pyramidal cell
567,70880,43616,646,648518346349538157,pyramidal,pyramidal cell
568,84608,46304,289,648518346349539097,pyramidal,pyramidal cell
570,93024,37920,1926,648518346349531362,pyramidal,pyramidal cell
572,87552,58480,1418,648518346349539887,pyramidal,pyramidal cell
573,91648,70224,2159,648518346349477155,pyramidal,pyramidal cell
575,87728,46192,1372,648518346349539825,pyramidal,pyramidal cell
581,92960,56832,1178,648518346349539896,pyramidal,pyramidal cell
589,38448,71088,1169,648518346349529438,pyramidal,pyramidal cell
594,99600,46176,1777,648518346349539768,pyramidal,pyramidal cell
597,97424,59904,256,648518346349539070,pyramidal,pyramidal cell
600,70272,54384,1757,648518346349538336,pyramidal,pyramidal cell
602,59232,51072,1030,648518346349537860,pyramidal,pyramidal cell
604,52512,46192,735,648518346349531230,pyramidal,pyramidal cell
605,95296,58544,617,648518346349539892,pyramidal,pyramidal cell
609,55920,44192,20,648518346349523981,pyramidal,pyramidal cell
610,93776,76176,904,648518346349525753,pyramidal,pyramidal cell
612,117632,50576,928,648518346349520120,pyramidal,pyramidal cell
617,82288,70912,2098,648518346349538259,pyramidal,pyramidal cell
618,109568,43056,45,648518346349538782,pyramidal,pyramidal cell
621,91792,58560,286,648518346349539961,pyramidal,pyramidal cell
622,77488,66176,1178,648518346349538332,pyramidal,pyramidal cell
629,82432,55696,153,648518346349533811,pyramidal,pyramidal cell
636,69680,67968,373,648518346349536788,pyramidal,pyramidal cell
638,107488,63920,1419,648518346349535847,pyramidal,pyramidal cell
642,100528,67952,1624,648518346349538193,pyramidal,pyramidal cell
649,92432,70960,1985,648518346349539376,pyramidal,pyramidal cell
650,111488,72000,219,648518346349527116,pyramidal,pyramidal cell
658,89264,50624,70,648518346349538188,pyramidal,pyramidal cell
661,80720,70960,188,648518346349539795,pyramidal,pyramidal cell
664,88816,46624,58,648518346349538421,pyramidal,pyramidal cell
665,68992,47472,1542,648518346349537717,pyramidal,pyramidal cell
666,95104,75744,49,648518346349525720,pyramidal,pyramidal cell
669,118416,46336,1663,648518346349534614,pyramidal,pyramidal cell
670,50912,44224,1062,648518346349523667,pyramidal,pyramidal cell
673,58032,62816,161,648518346349536366,pyramidal,pyramidal cell
674,59344,62672,1420,648518346349539755,pyramidal,pyramidal cell
676,100144,41104,2151,648518346349493487,pyramidal,pyramidal cell
678,74304,67920,2025,648518346349537853,pyramidal,pyramidal cell
679,41424,61424,2154,648518346349530300,pyramidal,pyramidal cell
681,53472,54544,1932,648518346349532086,pyramidal,pyramidal cell
682,52608,46352,1465,648518346349539110,pyramidal,pyramidal cell
683,82000,55568,545,648518346349538053,pyramidal,pyramidal cell
684,63488,68016,230,648518346349539554,pyramidal,pyramidal cell
685,79680,71984,538,648518346349539821,pyramidal,pyramidal cell
686,107184,72688,30,648518346349526971,pyramidal,pyramidal cell
688,82912,42288,2050,648518346349534360,pyramidal,pyramidal cell
689,46384,70352,1056,648518346349538451,pyramidal,pyramidal cell
691,52560,61600,31,648518346349528050,pyramidal,pyramidal cell
692,63136,51552,296,648518346349536312,pyramidal,pyramidal cell
694,89552,75632,1075,648518346349536992,pyramidal,pyramidal cell
699,73920,58736,1466,648518346349539572,pyramidal,pyramidal cell
700,54704,67920,1308,648518346349535435,pyramidal,pyramidal cell
701,85936,50544,397,648518346349539575,pyramidal,pyramidal cell
705,62800,38848,2119,648518346349538317,pyramidal,pyramidal cell
706,59968,51584,477,648518346349533482,pyramidal,pyramidal cell
707,115136,77440,44,648518346349530359,pyramidal,pyramidal cell
708,81584,56512,1150,648518346349538278,pyramidal,pyramidal cell
709,59744,50944,2125,648518346349539901,pyramidal,pyramidal cell
711,54272,71008,314,648518346349536534,pyramidal,pyramidal cell
712,55152,50448,404,648518346349539806,pyramidal,pyramidal cell
713,104912,45328,38,648518346349537145,pyramidal,pyramidal cell
714,43376,66912,1947,648518346349538721,pyramidal,pyramidal cell
715,67728,43232,1997,648518346349538100,pyramidal,pyramidal cell
717,48960,53216,1038,648518346349538462,pyramidal,pyramidal cell
719,104320,46432,596,648518346349533350,pyramidal,pyramidal cell
720,70704,43152,1683,648518346349538291,pyramidal,pyramidal cell
721,40240,67072,1510,648518346349529575,pyramidal,pyramidal cell
722,88704,54768,1372,648518346349538478,pyramidal,pyramidal cell
724,108512,45328,1138,648518346349539071,pyramidal,pyramidal cell
725,96176,50064,40,648518346349523975,pyramidal,pyramidal cell
727,90832,43184,580,648518346349538787,pyramidal,pyramidal cell
729,103968,50656,870,648518346349538410,pyramidal,pyramidal cell
730,118416,79440,2001,648518346349527610,pyramidal,pyramidal cell
732,68944,45472,2141,648518346349538133,pyramidal,pyramidal cell
733,83920,50688,1441,648518346349538466,pyramidal,pyramidal cell
735,105824,51248,1223,648518346349539423,pyramidal,pyramidal cell
736,113152,62976,1638,648518346349531530,pyramidal,pyramidal cell
737,119648,78384,1558,648518346349537446,pyramidal,pyramidal cell
738,85472,51376,1663,648518346349537993,pyramidal,pyramidal cell
739,87712,71792,406,648518346349539865,pyramidal,pyramidal cell
740,88656,46624,493,648518346349537514,pyramidal,pyramidal cell
741,73152,46528,546,648518346349539560,pyramidal,pyramidal cell
742,56848,42416,1279,648518346349537385,pyramidal,pyramidal cell
743,86160,62928,254,648518346349538426,pyramidal,pyramidal cell
744,80896,76864,1480,648518346349538190,pyramidal,pyramidal cell
745,59680,57216,1041,648518346349539906,pyramidal,pyramidal cell
747,117712,51392,1774,648518346349537482,pyramidal,pyramidal cell
748,54656,46576,1245,648518346349539727,pyramidal,pyramidal cell
749,81312,63584,201,648518346349539368,pyramidal,pyramidal cell
750,91936,63008,524,648518346349536966,pyramidal,pyramidal cell
751,100432,37344,2118,648518346349493874,pyramidal,pyramidal cell
752,63552,55440,2038,648518346349538239,pyramidal,pyramidal cell
753,106256,39024,1991,648518346349494577,pyramidal,pyramidal cell
754,86720,63616,1960,648518346349539096,pyramidal,pyramidal cell
755,77504,62992,1685,648518346349539095,pyramidal,pyramidal cell
757,96864,51376,820,648518346349539853,pyramidal,pyramidal cell
758,116816,47296,1264,648518346349539832,pyramidal,pyramidal cell
760,98752,42576,1540,648518346349537687,pyramidal,pyramidal cell
762,111440,63536,445,648518346349540053,pyramidal,pyramidal cell
764,55824,59200,874,648518346349531526,pyramidal,pyramidal cell
767,55232,40624,1127,648518346349538015,pyramidal,pyramidal cell
768,106144,71360,666,648518346349523030,pyramidal,pyramidal cell
769,98608,54976,900,648518346349539599,pyramidal,pyramidal cell
770,58112,67600,381,648518346349523254,pyramidal,pyramidal cell
771,110240,75424,1913,648518346349537609,pyramidal,pyramidal cell
772,68784,50880,1413,648518346349539517,pyramidal,pyramidal cell
775,83808,59376,1702,648518346349537814,pyramidal,pyramidal cell
776,97344,47200,734,648518346349539653,pyramidal,pyramidal cell
778,57952,46672,1541,648518346349537883,pyramidal,pyramidal cell
779,91312,47136,1793,648518346349539828,pyramidal,pyramidal cell
780,67504,56400,1061,648518346349537516,pyramidal,pyramidal cell
781,107680,50768,1905,648518346349537331,pyramidal,pyramidal cell
782,65024,46672,547,648518346349537160,pyramidal,pyramidal cell
783,86560,45440,1067,648518346349537716,pyramidal,pyramidal cell
784,106736,57792,1106,648518346349536680,pyramidal,pyramidal cell
785,64592,63152,1249,648518346349537242,pyramidal,pyramidal cell
786,67856,42912,190,648518346349537167,pyramidal,pyramidal cell
790,115872,63408,181,648518346349534057,pyramidal,pyramidal cell
791,51152,42784,1860,648518346349536748,pyramidal,pyramidal cell
796,52288,53104,50,648518346349528559,pyramidal,pyramidal cell
798,71184,75696,1315,648518346349527315,pyramidal,pyramidal cell
799,111888,71600,481,648518346349537515,pyramidal,pyramidal cell
800,96064,46960,261,648518346349532739,pyramidal,pyramidal cell
803,115376,71376,1380,648518346349532180,pyramidal,pyramidal cell
807,88288,50928,754,648518346349539789,pyramidal,pyramidal cell
808,73408,76560,1561,648518346349537611,pyramidal,pyramidal cell
809,91040,63408,1729,648518346349537718,pyramidal,pyramidal cell
810,101440,55024,1413,648518346349539464,pyramidal,pyramidal cell
811,54448,63312,2072,648518346349539336,pyramidal,pyramidal cell
813,50592,69744,54,648518346349527390,pyramidal,pyramidal cell
817,82816,75536,489,648518346349539513,pyramidal,pyramidal cell
819,67552,46832,155,648518346349536679,pyramidal,pyramidal cell
823,53584,51056,1670,648518346349524141,pyramidal,pyramidal cell
826,110672,48448,63,648518346349537271,pyramidal,pyramidal cell
827,104592,68880,58,648518346349535300,pyramidal,pyramidal cell
828,73280,67424,1584,648518346349537513,pyramidal,pyramidal cell
829,91440,72736,1089,648518346349539590,pyramidal,pyramidal cell
830,111968,44512,2107,648518346349531263,pyramidal,pyramidal cell
833,76800,41072,63,648518346349537798,pyramidal,pyramidal cell
835,72384,48224,76,648518346349536809,pyramidal,pyramidal cell
836,53312,53872,2116,648518346349528349,pyramidal,pyramidal cell
837,110176,60624,2112,648518346349538296,pyramidal,pyramidal cell
838,117392,74544,335,648518346349537275,pyramidal,pyramidal cell
839,76608,49440,2113,648518346349539780,pyramidal,pyramidal cell
842,110672,56240,77,648518346349532006,pyramidal,pyramidal cell
843,118528,68912,1374,648518346349535473,pyramidal,pyramidal cell
844,114928,57984,2111,648518346349539430,pyramidal,pyramidal cell
846,105072,64592,2106,648518346349537808,pyramidal,pyramidal cell
847,67136,73280,2105,648518346349537075,pyramidal,pyramidal cell
848,71520,45600,72,648518346349538298,pyramidal,pyramidal cell
849,86352,76672,1305,648518346349525571,pyramidal,pyramidal cell
850,100752,49456,2099,648518346349537255,pyramidal,pyramidal cell
851,68272,53216,2098,648518346349537434,pyramidal,pyramidal cell
852,85808,73568,2086,648518346349537741,pyramidal,pyramidal cell
853,93648,45536,2065,648518346349539080,pyramidal,pyramidal cell
855,90304,53552,101,648518346349537153,pyramidal,pyramidal cell
857,69200,64624,626,648518346349534079,pyramidal,pyramidal cell
858,77536,72736,211,648518346349538431,pyramidal,pyramidal cell
859,112016,58128,1511,648518346349537297,pyramidal,pyramidal cell
860,113024,74240,1442,648518346349537243,pyramidal,pyramidal cell
862,66880,56704,112,648518346349537487,pyramidal,pyramidal cell
863,82944,60768,178,648518346349531851,pyramidal,pyramidal cell
864,78512,39920,1973,648518346349491311,pyramidal,pyramidal cell
865,65136,41120,2077,648518346349537984,pyramidal,pyramidal cell
867,68800,74000,287,648518346349523868,pyramidal,pyramidal cell
868,85376,65392,1861,648518346349531414,pyramidal,pyramidal cell
869,79360,49648,822,648518346349538235,pyramidal,pyramidal cell
870,113552,45312,1707,648518346349538070,pyramidal,pyramidal cell
871,86496,74256,726,648518346349536354,pyramidal,pyramidal cell
872,80288,66240,714,648518346349535074,pyramidal,pyramidal cell
873,108272,73600,2023,648518346349507351,pyramidal,pyramidal cell
874,116192,58112,923,648518346349537961,pyramidal,pyramidal cell
875,88112,68640,2015,648518346349537790,pyramidal,pyramidal cell
876,63248,44400,2066,648518346349538286,pyramidal,pyramidal cell
877,111312,60480,679,648518346349532796,pyramidal,pyramidal cell
878,108656,69488,214,648518346349537649,pyramidal,pyramidal cell
879,71072,48928,860,648518346349533058,pyramidal,pyramidal cell
880,62288,36368,2031,648518346349531192,pyramidal,pyramidal cell
881,89552,44496,1900,648518346349536921,pyramidal,pyramidal cell
882,78576,44400,594,648518346349539886,pyramidal,pyramidal cell
883,115504,53152,712,648518346349492682,pyramidal,pyramidal cell
884,70176,49072,2010,648518346349538102,pyramidal,pyramidal cell
885,58992,52704,1977,648518346349539794,pyramidal,pyramidal cell
886,110192,73200,617,648518346349537583,pyramidal,pyramidal cell
887,62064,61520,145,648518346349539435,pyramidal,pyramidal cell
888,82768,72912,915,648518346349538746,pyramidal,pyramidal cell
889,113600,48528,1492,648518346349524063,pyramidal,pyramidal cell
891,115744,44960,1231,648518346349537007,pyramidal,pyramidal cell
892,96544,76880,1587,648518346349537901,pyramidal,pyramidal cell
893,103712,44304,874,648518346349540057,pyramidal,pyramidal cell
894,101440,65360,672,648518346349539601,pyramidal,pyramidal cell
895,58448,53008,1621,648518346349538368,pyramidal,pyramidal cell
896,95872,65136,1787,648518346349531729,pyramidal,pyramidal cell
897,61616,54016,385,648518346349539401,pyramidal,pyramidal cell
898,84480,61632,1271,648518346349539366,pyramidal,pyramidal cell
899,48784,72848,532,648518346349530465,pyramidal,pyramidal cell
900,92320,45744,110,648518346349537840,pyramidal,pyramidal cell
901,101888,52960,708,648518346349539539,pyramidal,pyramidal cell
902,112720,56528,1765,648518346349538005,pyramidal,pyramidal cell
903,102144,69712,1874,648518346349538231,pyramidal,pyramidal cell
904,96848,65264,674,648518346349539852,pyramidal,pyramidal cell
905,77232,44160,1226,648518346349531254,pyramidal,pyramidal cell
906,112464,78160,1291,648518346349527158,pyramidal,pyramidal cell
907,75536,56512,546,648518346349537509,pyramidal,pyramidal cell
908,95696,44208,891,648518346349534855,pyramidal,pyramidal cell
909,61856,69104,1744,648518346349536929,pyramidal,pyramidal cell
910,58384,73344,363,648518346349536753,pyramidal,pyramidal cell
911,84128,48560,119,648518346349533227,pyramidal,pyramidal cell
912,62656,57872,141,648518346349534580,pyramidal,pyramidal cell
913,96544,69952,171,648518346349537047,pyramidal,pyramidal cell
914,109152,41248,1490,648518346349533719,pyramidal,pyramidal cell
915,77280,61904,417,648518346349537038,pyramidal,pyramidal cell
916,103952,73872,1654,648518346349537003,pyramidal,pyramidal cell
917,98528,61456,478,648518346349537042,pyramidal,pyramidal cell
918,62976,64592,502,648518346349539067,pyramidal,pyramidal cell
919,113936,65696,771,648518346349496405,pyramidal,pyramidal cell
920,88672,74336,269,648518346349521083,pyramidal,pyramidal cell
921,81296,53648,1668,648518346349538112,pyramidal,pyramidal cell
922,75568,52336,1387,648518346349538209,pyramidal,pyramidal cell
923,108240,44848,281,648518346349539079,pyramidal,pyramidal cell
924,71808,66240,1310,648518346349539591,pyramidal,pyramidal cell
925,109552,53712,117,648518346349537848,pyramidal,pyramidal cell
926,107040,61104,1577,648518346349537270,pyramidal,pyramidal cell
927,76528,52176,796,648518346349537391,pyramidal,pyramidal cell
928,83936,39936,1563,648518346349539333,pyramidal,pyramidal cell
930,116144,61696,1971,648518346349532066,pyramidal,pyramidal cell
931,101168,56688,696,648518346349537818,pyramidal,pyramidal cell
932,87264,40816,290,648518346349540048,pyramidal,pyramidal cell
933,67584,69712,1874,648518346349536159,pyramidal,pyramidal cell
934,70096,73120,774,648518346349537102,pyramidal,pyramidal cell
935,73776,64560,367,648518346349538730,pyramidal,pyramidal cell
936,65952,64912,852,648518346349539820,pyramidal,pyramidal cell
937,65168,49856,1451,648518346349539840,pyramidal,pyramidal cell
938,85184,61920,589,648518346349540055,pyramidal,pyramidal cell
939,92816,40960,2014,648518346349539103,pyramidal,pyramidal cell
940,94480,52592,2045,648518346349537991,pyramidal,pyramidal cell
941,94512,48320,1257,648518346349519354,pyramidal,pyramidal cell
942,59808,61616,776,648518346349539598,pyramidal,pyramidal cell
943,109424,49168,393,648518346349532791,pyramidal,pyramidal cell
944,73536,64832,691,648518346349538033,pyramidal,pyramidal cell
945,87216,41104,1500,648518346349532295,pyramidal,pyramidal cell
946,95776,52992,1779,648518346349539579,pyramidal,pyramidal cell
947,51488,57648,149,648518346349538715,pyramidal,pyramidal cell
948,103824,52864,1731,648518346349534048,pyramidal,pyramidal cell
949,75104,52368,1809,648518346349537300,pyramidal,pyramidal cell
950,51264,70320,672,648518346349536769,pyramidal,pyramidal cell
951,56848,74240,1744,648518346349533867,pyramidal,pyramidal cell
952,71088,40112,1459,648518346349537081,pyramidal,pyramidal cell
953,65136,53728,1859,648518346349539524,pyramidal,pyramidal cell
954,116304,60800,1485,648518346349503588,pyramidal,pyramidal cell
955,59648,61136,1816,648518346349539076,pyramidal,pyramidal cell
956,50096,65824,1735,648518346349537489,pyramidal,pyramidal cell
957,96096,57856,1764,648518346349535823,pyramidal,pyramidal cell
958,102112,73808,905,648518346349537615,pyramidal,pyramidal cell
959,115552,69552,335,648518346349537564,pyramidal,pyramidal cell
960,67008,60768,1439,648518346349539448,pyramidal,pyramidal cell
961,71232,65232,1852,648518346349537692,pyramidal,pyramidal cell
962,97040,72896,1327,648518346349537380,pyramidal,pyramidal cell
963,60816,65120,1513,648518346349531668,pyramidal,pyramidal cell
964,102224,61600,1557,648518346349539100,pyramidal,pyramidal cell
965,115488,70032,1843,648518346349539510,pyramidal,pyramidal cell
966,94912,66224,1336,648518346349539934,pyramidal,pyramidal cell
967,62480,41056,1763,648518346349537426,pyramidal,pyramidal cell
968,79168,40944,1717,648518346349538718,pyramidal,pyramidal cell
969,82512,44304,1701,648518346349524971,pyramidal,pyramidal cell
970,89600,40496,1577,648518346349538250,pyramidal,pyramidal cell
971,102560,77648,1868,648518346349525852,pyramidal,pyramidal cell
972,81920,49344,310,648518346349539884,pyramidal,pyramidal cell
973,97488,44752,464,648518346349537978,pyramidal,pyramidal cell
974,66160,57680,539,648518346349537547,pyramidal,pyramidal cell
975,105696,48992,1278,648518346349539486,pyramidal,pyramidal cell
976,50816,49728,2006,648518346349534945,pyramidal,pyramidal cell
977,45728,53488,1644,648518346349530883,pyramidal,pyramidal cell
978,68592,66080,800,648518346349539900,pyramidal,pyramidal cell
979,101264,48560,493,648518346349538192,pyramidal,pyramidal cell
37,66720,75200,837,648518346349526691,inhibitory,unknown_type
107,86768,55856,1230,648518346349528994,inhibitory,basket
280,104432,58272,821,648518346349489861,inhibitory,bipolar
301,99984,54144,2124,648518346349522740,inhibitory,unknown_type
382,72384,51808,889,648518346349538285,inhibitory,bipolar
393,73584,60096,990,648518346349487752,inhibitory,bipolar
528,79008,47600,63,648518346349493894,inhibitory,unknown_type
553,60976,66672,1941,648518346349538179,inhibitory,martinotti
560,70320,51456,1958,648518346349522735,inhibitory,bipolar
574,104752,74976,238,648518346349489985,inhibitory,unknown_type
606,57680,38672,2131,648518346349531994,inhibitory,unknown_type
616,85920,70832,683,648518346349517783,inhibitory,unknown_type
624,98336,73312,1047,648518346349487432,inhibitory,bipolar
662,91296,71168,1755,648518346349477331,inhibitory,bipolar
668,60080,58736,1296,648518346349539846,inhibitory,basket
672,105440,63712,635,648518346349488919,inhibitory,unknown_type
675,108288,67648,681,648518346349537389,inhibitory,bipolar
687,81104,46752,696,648518346349515986,inhibitory,bipolar
696,106144,58976,529,648518346349522749,inhibitory,bipolar
703,115536,42992,1870,648518346349538370,inhibitory,unknown_type
731,113296,51456,1917,648518346349525188,inhibitory,unknown_type
805,59056,44256,1935,648518346349491816,inhibitory,bipolar
812,96000,70224,1993,648518346349537404,inhibitory,bipolar
816,115232,48400,1839,648518346349525190,inhibitory,bipolar
834,62032,41200,2015,648518346349516051,inhibitory,chandelier
840,104320,45056,1863,648518346349522750,inhibitory,unknown_type
841,67376,48512,431,648518346349538638,inhibitory,chandelier
845,70096,48288,307,648518346349515985,inhibitory,unknown_type
854,113104,61728,2050,648518346349518096,inhibitory,unknown_type
856,64784,40784,183,648518346349516055,inhibitory,unknown_type
861,90896,60784,206,648518346349536849,inhibitory,unknown_type
866,93600,66000,530,648518346349538789,inhibitory,neurogliaform
890,97248,56576,283,648518346349539215,inhibitory,basket
929,55984,69200,2066,648518346349538791,inhibitory,basket
0,88240,60656,256,648518346349517321,glia,astrocyte
1,72368,56912,590,648518346341392909,glia,astrocyte
2,74112,57520,458,648518346349508122,glia,OPC
3,49168,72688,1476,648518346349530654,glia,microglia
4,72704,54688,506,648518346349536799,glia,astrocyte
5,74576,75520,1163,648518346349525537,glia,astrocyte
6,79328,67360,445,648518346349525544,glia,astrocyte
7,81392,72608,235,648518346349525545,glia,OPC
8,98672,62768,2123,648518346341355049,glia,microglia
9,52896,47856,785,648518346349528624,glia,microglia
10,95184,37376,1808,648518346349526583,glia,astrocyte
11,93872,58752,1014,648518346349514298,glia,OPC
12,83952,46640,1633,648518346349490239,glia,astrocyte
13,71408,57232,162,648518346349510740,glia,microglia
14,19533824,15112960,2033,648518346349526102,glia,OPC (pericyte type)
15,85152,70608,1607,648518346349530199,glia,microglia
16,85488,47632,220,648518346349531742,glia,microglia
17,61104,39920,873,648518346349530724,glia,microglia
18,80272,56768,2068,648518346349524070,glia,astrocyte
19,76592,41168,1646,648518346342801515,glia,microglia
20,101120,49760,60,648518346349386860,glia,astrocyte
21,105696,50592,410,648518346349510254,glia,microglia
22,113008,46032,150,648518346349375599,glia,microglia
23,73712,73056,1123,648518346349508722,glia,astrocyte
24,104368,69440,1053,648518346349536888,glia,astrocyte
25,103664,59792,830,648518346342800512,glia,OPC
26,92688,47248,62,648518346342797442,glia,microglia
28,57760,48816,26,648518346349530761,glia,OPC
29,59712,53808,1513,648518346349524109,glia,OPC
30,67600,68272,477,648518346349530765,glia,OPC
32,97664,61888,267,648518346341391505,glia,microglia
33,52672,65728,967,648518346341351575,glia,microglia
34,95568,48528,349,648518346349516953,glia,astrocyte
35,114608,49712,2051,648518346349521062,glia,astrocyte
36,108064,77216,565,648518346342468778,glia,astrocyte
37,110816,60768,234,648518346342795947,glia,astrocyte
38,78880,42160,1507,648518346349524140,glia,OPC
39,82192,40208,138,648518346349524139,glia,astrocyte
40,60496,62848,1837,648518346349539502,glia,microglia
41,83120,39856,1978,648518346342917290,glia,astrocyte
42,96816,75760,91,648518346349525684,glia,OPC
43,77920,61024,2094,648518346349508279,glia,oligodendrocyte
44,51200,62384,363,648518346349528249,glia,astrocyte
45,56976,56032,785,648518346349528250,glia,astrocyte
46,54192,56704,1901,648518346349503169,glia,microglia
47,110496,45536,910,648518346349507266,glia,astrocyte
48,116208,61952,2151,648518346349529797,glia,microglia
49,91824,52208,15,648518346349525196,glia,OPC
50,87104,59520,93,648518346349498574,glia,astrocyte
51,60000,59776,2142,648518346349528271,glia,astrocyte
52,75152,54848,2064,648518346349525715,glia,astrocyte
53,113888,59792,1963,648518346349529813,glia,OPC
54,117488,76768,1838,648518346341399264,glia,astrocyte
55,110144,73360,1484,648518346342792418,glia,microglia
56,53136,62176,320,648518346349536487,glia,astrocyte
57,95744,71712,2042,648518346349524211,glia,microglia
58,106784,66352,1040,648518346349532924,glia,astrocyte
59,69184,74448,1889,648518346349527316,glia,astrocyte
60,70544,74928,1998,648518346349527317,glia,astrocyte
61,61616,40400,1342,648518346349527319,glia,astrocyte
62,58288,61088,161,648518346341382424,glia,microglia
63,95936,41904,1056,648518346342807831,glia,astrocyte
64,110336,54528,1241,648518346342919961,glia,microglia
65,117488,56128,1818,648518346349537050,glia,astrocyte
66,84960,52176,1437,648518346349508386,glia,microglia
67,80688,63744,1299,648518346349538089,glia,astrocyte
68,64832,51216,1522,648518346349516092,glia,microglia
69,90448,76112,1951,648518346341356348,glia,astrocyte
70,73984,47312,161,648518346349508432,glia,microglia
71,63568,44352,1066,648518346349517141,glia,astrocyte
72,79744,42288,283,648518346349539158,glia,astrocyte
73,89440,52656,2072,648518346349508442,glia,OPC
74,63424,61984,680,648518346349525862,glia,astrocyte
75,95824,66032,994,648518346349507433,glia,microglia (perivascular)
76,107840,76896,393,648518346344075119,glia,astrocyte
77,117776,48992,2098,648518346348199802,glia,unknown_type
78,112032,44272,1775,648518346349368699,glia,microglia
79,91392,59408,1702,648518346341354380,glia,astrocyte
80,92032,59120,1519,648518346349528465,glia,astrocyte
81,112608,40304,1797,648518346349484948,glia,astrocyte
82,115056,52320,517,648518346349508009,glia,unknown (at edge of volume)
83,113120,65872,50,648518346349517756,glia,microglia (perivascular)
84,93824,41328,2144,648518346341394877,glia,microglia
85,85728,37712,969,648518346342797245,glia,astrocyte
86,50256,67696,990,648518346349521344,glia,astrocyte
87,100048,47840,1747,648518346349538752,glia,microglia
88,115760,74992,1779,648518346342795202,glia,astrocyte
89,98320,58064,1008,648518346349529029,glia,microglia
90,59680,69104,2113,648518346349530569,glia,astrocyte
91,72704,55888,576,648518346349536717,glia,microglia (merged with nucleus of astrocyte 648518346349536799)
93,74352,70256,1276,648518346349502931,glia,microglia
94,100576,42592,739,648518346349538793,glia,OPC
95,78624,74816,1746,648518346349525488,glia,oligodendrocyte
96,77232,60080,1563,648518346349508089,glia,OPC
97,118800,78048,1952,648518346342465191,glia,unknown_type
98,79168,38336,568,648518346349539211,glia,unknown_type
99,43200,65072,2021,648518346341383616,glia,unknown_type
0,113904,67296,24,648518346342804483,vasculature,endothelial
1,44512,71312,94,648518346341422370,vasculature,endothelial
2,76944,58784,1987,648518346349526102,vasculature,pericyte
3,104256,40800,1968,648518346349375478,vasculature,endothelial
4,45168,69328,105,648518346343497543,vasculature,endothelial
5,107808,45904,2158,648518346348189552,vasculature,endothelial
6,105680,74272,34,648518346344072053,vasculature,endothelial
7,92112,53008,862,648518346349526102,vasculature,endothelial
8,74240,49216,711,648518346349526102,vasculature,endothelial
9,113024,48832,870,648518346348121670,vasculature,endothelial
10,61312,67488,645,648518346349526102,vasculature,endothelial
11,52864,62816,1208,648518346349526102,vasculature,endothelial
12,51312,62624,1425,648518346349526102,vasculature,endothelial
13,47130,52629,1889,648518346344328018,vasculature,endothelial
14,48490,49495,2166,648518346344456391,vasculature,endothelial
15,50368,51947,2176,648518346344505300,vasculature,endothelial
16,64050,74954,324,648518346341763956,vasculature,endothelial
17,52848,58608,595,648518346349526102,vasculature,endothelial
18,51056,47504,605,648518346345118988,vasculature,endothelial
19,59632,49072,750,648518346349526102,vasculature,endothelial
20,63360,48304,2106,648518346349526102,vasculature,endothelial
21,65136,46688,2154,648518346349526102,vasculature,endothelial
22,70624,46128,1822,648518346349526102,vasculature,endothelial
23,71280,44992,1520,648518346349526102,vasculature,endothelial
24,73024,39376,1798,648518346349526102,vasculature,endothelial
25,75296,47632,961,648518346349526102,vasculature,endothelial
26,80144,40752,692,648518346349526102,vasculature,endothelial
27,78992,49104,992,648518346349526102,vasculature,endothelial
28,75742,47723,860,648518346349526102,vasculature,endothelial
29,75608,48861,796,648518346349526102,vasculature,endothelial
30,77952,58512,1556,648518346349526102,vasculature,endothelial
32,80192,59936,1251,648518346349526102,vasculature,endothelial
33,78432,60688,1145,648518346349526102,vasculature,endothelial
34,75072,59312,1630,648518346349526102,vasculature,endothelial
35,67360,60528,1748,648518346349526102,vasculature,endothelial
36,66896,65424,1903,648518346349526102,vasculature,endothelial
37,59040,55952,1896,648518346349526102,vasculature,endothelial
38,77216,62992,618,648518346349526102,vasculature,endothelial
39,85040,66688,375,648518346349526102,vasculature,endothelial
40,96144,71120,69,648518346349526102,vasculature,endothelial
41,75456,69184,713,648518346349526102,vasculature,endothelial
42,75088,72256,709,648518346349526102,vasculature,endothelial
43,76464,74288,608,648518346349526102,vasculature,endothelial
44,78208,65984,1559,648518346349526102,vasculature,endothelial
45,81407,68417,1561,648518346349526102,vasculature,endothelial
46,81504,68928,1660,648518346349526102,vasculature,endothelial
47,74912,73376,1711,648518346349526102,vasculature,endothelial
48,81743,76965,1654,648518346349526102,vasculature,endothelial
49,82368,75536,1854,648518346342104735,vasculature,endothelial
50,49248,72288,1250,648518346343459827,vasculature,endothelial
51,100512,75872,1055,648518346349526102,vasculature,endothelial
52,97456,69120,955,648518346349526102,vasculature,endothelial
53,93664,61392,880,648518346349526102,vasculature,endothelial
54,92352,53312,702,648518346349526102,vasculature,endothelial
55,93360,50224,810,648518346349526102,vasculature,endothelial
56,89216,38976,873,648518346349526102,vasculature,endothelial
57,93520,50688,1915,648518346349526102,vasculature,endothelial
58,87040,47632,1821,648518346349526102,vasculature,endothelial
59,89472,61152,2124,648518346349526102,vasculature,endothelial
60,91744,53312,2034,648518346349526102,vasculature,endothelial
61,100512,63168,1770,648518346349526102,vasculature,endothelial
62,116320,74576,1912,648518346349526102,vasculature,endothelial
63,109728,66880,1624,648518346342796989,vasculature,endothelial
64,105792,50864,8,648518346348121670,vasculature,endothelial
65,111758,48608,941,648518346348121670,vasculature,endothelial
66,106368,59392,159,648518346348121670,vasculature,endothelial
67,110816,55264,1232,648518346348189552,vasculature,endothelial
68,107312,43552,2160,648518346349375478,vasculature,endothelial
69,104752,40768,878,648518346349061101,vasculature,endothelial
70,104464,40784,1867,648518346349375478,vasculature,endothelial
71,97377,38012,1145,648518346349375478,vasculature,endothelial
72,89216,38976,873,648518346349526102,vasculature,endothelial
