,count,mean,std,min,25%,50%,75%,max,kurtosis,skew,mito_id,compartment,mito_vx,surface_area,complexityindex,ctr_distance_to_soma,bbox_distance,centroid_y-ctr_y
0,379.0,14359.005992586723,8621.023478219604,0.0,8972.139059142562,11190.882762320403,18518.5326728736,43104.6278373912,3.616195530369735,1.685214305071917,4220042,Basal,502372,5.85341427570736,19.14719315759837,9819.287397769758,1586.3495831625512,False
1,379.0,19419.3410905262,4635.897222314017,0.0,18124.82778516596,19321.99296138988,21565.487786742997,32924.79211779476,-1.0019268314734027,-0.008484501516665256,2758045,Basal,61752,0.6511360190200206,1.7443807555294253,18905.370559711333,200.4095806093112,False
2,379.0,14608.401571447295,6378.169887259358,0.0,12207.597790090596,14769.483809531055,16818.53835692875,33569.61901779643,1.4202291773109676,0.8950626563827611,3717866,Apical,763272,10.175779523549728,43.57853103520801,14348.94546647941,3584.007812491485,True
3,379.0,8730.981056496777,6654.526872664006,0.0,4321.628520594459,5269.7297843437855,12029.8461168719,30522.391321782117,4.381889087219298,1.9423737121461986,3528327,Somatic,182916,2.5705585119049035,12.232276038516291,4050.749066530782,1086.8527959204043,False
4,379.0,19178.766519233206,7484.026304656063,0.0,14784.020137407912,16850.92472240025,21999.85673069011,39285.52126420114,0.7701182463229275,0.7043093857347303,3554660,Basal,6092,0.1780340663903809,3.6636816374248538,16072.764696840428,99.88493379884676,False
5,379.0,13125.069368000926,4057.7507747445147,0.0,10682.93895625585,12150.740388963955,15649.193457672678,24830.933953438,-0.1759996902995704,0.39152269496354936,3079537,Basal,1669044,20.11111762954756,70.35601447094145,11380.07174845572,6276.14188813478,True
6,379.0,7528.553579771964,7493.444193785829,0.0,2300.262372858395,4252.01752113041,11581.308619390129,32587.885540488816,4.895942316584,2.0962543070388002,3744402,Somatic,116016,1.9712345612569089,13.712205776476988,1707.758765165619,713.3169001222388,True
7,379.0,9299.108950743432,8288.507901907728,0.0,3638.5082710048882,5326.407138024655,13668.91001585339,36924.80862509649,4.727438645246554,2.046939990113763,3861996,Basal,1659536,18.135356343584466,52.183488354847725,3654.193207809352,2688.829485110575,False
8,379.0,7616.750281782796,7805.985551044973,0.0,2027.6985997264665,3926.721405956883,11414.903128884464,33049.67850070557,4.938736682860156,2.1067793895809035,3748160,Somatic,63456,0.9118266303549016,4.536486399538125,1109.6490436169447,288.3140648667699,False
9,379.0,10255.530876807463,5651.289802165745,0.0,6564.997591152678,7757.792469510899,13259.765451843012,28313.97739633201,3.0079716989010024,1.5220701913592505,3309900,Basal,777508,10.946009549513615,52.274022228434205,6747.192008532142,4276.515053171215,False
10,379.0,17523.13781556595,7711.6345620174425,0.0,12875.395224250187,15075.996948792474,20599.061259567556,39359.41901248036,1.5267053612866643,0.983200732190218,3554885,Basal,1522784,17.06314532899372,51.62128865595694,14102.29346595794,4547.700517844156,False
11,379.0,8139.192546670755,6861.678877318342,0.0,3486.378231394367,5464.588639595848,11300.992091761767,31777.5703287712,4.922208426006277,2.0758005472127325,3739587,Somatic,88196,1.5981442004967834,12.643819708977729,3544.815368957881,579.6455813684772,True
12,379.0,13032.74181075441,3850.124083380417,0.0,10654.23610747093,12146.854119482954,15448.744906955864,23928.79940573701,-0.3907617034967945,0.30540098998552667,3083060,Basal,1206428,13.80063854561116,43.51338911951409,11440.0056381105,4440.256861939408,True
13,379.0,20026.70604339636,5926.018129539691,0.0,17538.560825195113,20669.070153250726,23055.022101875817,36146.16306055181,-0.6327198449366271,0.14784115871644124,2817636,Apical,5606256,65.8133433123202,218.5366054251602,21381.878402048776,14868.12980841908,True
14,379.0,7682.651252154288,8069.736222785252,0.0,1782.1701611947606,3641.366364429704,11812.457756153479,34130.633058881285,4.909083867868878,2.1061491459415818,3858650,Somatic,80104,1.2764426026281277,7.809507544835423,726.4165471683585,577.0797171968532,False
15,379.0,25970.77525609944,6725.859327746597,0.0,24021.017149806994,27102.777200870023,29439.665897477928,42065.42661141094,-1.2708476734166578,-0.16156081966883204,2818206,Apical,42160,0.5136655379224495,1.8372500476666265,28061.392267669115,210.4970308579197,True
16,379.0,8452.76568293347,6596.55605196748,0.0,3941.9332537809996,5966.06277204657,11590.572256716656,31361.00062179139,4.727183180847248,2.0203691027633193,3739434,Apical,295480,2.2734414617588508,3.242823641065204,4304.314579581748,544.2435116746915,True
17,379.0,13790.319568689207,6215.359612012668,0.0,11143.047284819933,13731.553917892905,15757.354533830317,33054.39536582087,1.866602809547472,1.054606519450181,3722452,Apical,20680,0.3196626987299699,1.8403609044376408,13266.763584235609,155.84607791022526,True
18,379.0,7491.107171386029,7552.347831000946,0.0,2116.8648477801444,4207.092107382485,11564.695087310647,32676.40677920386,4.895174314294989,2.097161736108998,3744460,Somatic,21704,0.2695120239167534,1.001343441062666,1488.022849286932,109.10545357588684,True
19,379.0,7680.647247476495,7696.3157550045225,0.0,2231.604311392033,4134.91197004241,11554.38641234252,33571.261876789795,5.012985311586139,2.123581488916713,3855047,Somatic,45488,0.9461793763344732,9.864042409806062,1510.2436889455953,302.87951399855353,True
20,379.0,7536.316931419359,7457.217282710371,0.0,2294.6691684862844,4316.786883782891,11553.295173030456,32483.7419026811,4.8915044384516815,2.0943037047592905,3744344,Somatic,54096,0.9248401029754926,6.51325131830611,1788.4082308019051,443.2617736733002,True
21,379.0,7734.523979338653,7134.785548131898,0.0,2771.502305506887,4630.349014923173,11310.423226457771,31843.6735318022,4.92038291581315,2.0920736073810158,3744036,Somatic,1312,0.0514106763276821,1.9020435841463168,2610.769235302117,61.09009739720506,True
22,379.0,8217.728598931177,8220.999017962551,0.0,2464.7917391010387,4449.262972673115,12410.475395903617,34955.85999514245,4.85017336886955,2.0839540655542432,3863392,Somatic,1392,0.0446391400235313,1.1061070745936152,2038.9546341201408,60.991802727907626,False
23,379.0,22248.477602229912,5101.70120920493,0.0,21204.482859932767,22512.634696987378,24284.801586935915,35947.016343502,-1.2611023735671711,-0.1440548643869583,2415715,Basal,2281584,25.09500342495017,73.1504555985653,22157.39217507331,6164.412461865283,False
24,379.0,7507.135395184679,7373.40050523747,0.0,1966.8809627235742,4014.101269275602,11341.064834626435,31990.988684315464,4.854522975780435,2.088283296760514,3743472,Somatic,92116,1.0235588349396556,3.0450643469252774,1683.1865612581394,332.4770668783037,True
25,379.0,7731.714243808934,7550.559432117206,0.0,2503.5338364262725,3663.5223487785634,11621.097930119402,32355.378177360253,4.805652333784931,2.0782678375729016,3636247,Somatic,410704,5.930522871530704,29.79540361669124,1737.6653878120494,1574.0520957071274,False
26,379.0,18312.541243207826,7011.938020525027,0.0,16574.75034348526,19317.192989665968,20950.402052504694,35169.987261868606,-0.14325382760862393,0.27330748115781633,3706488,Apical,1820,0.0574477280027141,1.3791261050544472,19074.88170343397,64.56779382943171,True
27,379.0,14135.534580456359,6284.024241469823,0.0,11599.39828487021,14191.719169994874,16223.877071421444,33243.767009771924,1.6590091556462152,0.981383306148072,3717935,Apical,85900,1.8302097461260536,20.01909526076655,13735.105532903634,964.3552250078806,True
28,379.0,7859.60698425462,7846.058066833118,0.0,2153.688544736905,3857.282463082008,11670.090935995271,33321.9030669018,4.871424447014801,2.0920215846732875,3753192,Somatic,2316,0.0683941849016931,1.4371715356138774,1633.92655893709,70.48404074682438,False
29,379.0,19175.871334851,8240.542827409774,0.0,14392.920815982798,16377.69828150464,22047.509670229007,43111.066572285126,1.6071927372637598,1.0009401141644985,3782834,Basal,1063288,11.439659614345205,31.905508040111584,15564.507733943918,3136.724565530101,False
30,379.0,8801.687616643516,6302.81926809505,0.0,4548.504862117241,6618.151479076314,12064.454501288667,30914.04509280531,4.422781029961554,1.935125130413786,3739211,Apical,2572,0.0752933535995229,1.5547342929244157,5107.610498070502,71.8679344353238,True
31,379.0,8128.836210203876,8225.709451857383,0.0,2485.4075922567627,4045.5575635504183,12624.715190649844,35222.95081335463,4.829428271788126,2.086048096258944,3864045,Somatic,2980,0.0834826770556993,1.5786460099270625,1721.7072921957438,77.92303895511263,False
32,379.0,7687.019099257252,7408.428251635577,0.0,2470.573981297256,3765.616018661488,11604.4019036922,31969.82885471863,4.769311608456917,2.0697850197325036,3747222,Somatic,2996,0.0763127607189701,1.1929879575957016,1822.9462416648496,65.18435395092905,True
33,379.0,17751.508311341287,6664.058456227871,0.0,15967.396608854682,18597.449395011132,20473.839033608532,34563.96830515848,-0.0678758331031446,0.3208717875062639,3591725,Apical,55016,0.8575444520446269,5.020189196689242,18591.650948745784,364.3789236495437,True
34,379.0,10246.447875547248,5021.448452702419,0.0,6781.6396448441565,8266.20323969838,13140.298596645891,26958.10469970024,2.586554157065647,1.3942886395490148,3404147,Basal,538796,6.988438467729843,28.328259611415543,7189.056196747943,2875.8866458885336,True
35,379.0,7780.4762878111615,7900.211478231033,0.0,2048.702150102798,3837.057336032392,11697.51025855376,33435.076431795394,4.874449964859354,2.093949438369576,3753468,Somatic,3272,0.0793978028631087,1.1264892365207426,1395.9670483217,62.32976816898969,False
36,379.0,19934.105882386702,7371.174851770724,0.0,15675.246913808973,17763.710001010488,22712.373455497123,39536.54097161258,0.48351132563340826,0.5952826955710124,3447744,Basal,859760,9.290698615096328,26.140797155018088,16956.665474084224,2592.445949291904,False
37,379.0,11864.508232373333,5884.909293195684,0.0,8810.242577193123,11066.731586154963,13251.899484725142,32056.5495959874,3.1304415877116085,1.4741431804328748,3726610,Apical,3296,0.1093381372856158,2.899137338007397,10478.732032073349,132.66876045248935,True
38,379.0,14929.80478848793,6321.7620564798035,0.0,12559.371030224083,15294.183077235606,17068.01040859684,32674.20774862032,1.0039755693542185,0.7408098527423425,3717057,Apical,3584,0.1421332912759927,5.386164573893705,14919.96008707798,84.5931439302264,True
39,379.0,21213.069612314153,5347.709666051599,0.0,18828.557940372884,21616.12805291457,23819.738897285293,34962.9443268155,-1.1299757507386023,-0.06970859330197406,2834989,Basal,352452,4.813847862935431,21.63741157896977,22582.23478754926,1823.9144716789765,True
40,379.0,11292.330739740382,8345.151379546884,0.0,5776.0509974604665,7781.3218028815645,14752.788848049251,38106.53503009687,4.369371217980765,1.912841090899457,3874363,Axonal,206564,3.117528747223299,17.110011977601125,6415.388374837489,1239.067391226159,False
41,379.0,7874.412580219219,7050.193203429417,0.0,3086.0971041787984,4920.917800573385,11208.486196134432,31889.00740067022,4.976111045292734,2.0981479440409956,3743808,Somatic,573224,6.885762781347996,23.94063265049809,2938.320778948412,1559.1847228599952,True
42,379.0,8045.794113119166,8169.860044400319,0.0,2316.1590943559777,4307.95090501273,12175.044959422674,34599.768510786314,4.879338387467888,2.091683013442743,3863170,Somatic,4308,0.1411208553691726,3.648802812315183,1728.9733948213316,78.33262411026456,False
43,379.0,8646.641803294748,6471.459543830517,0.0,4159.937795686591,6288.048981997516,11831.402059439664,31213.09476806169,4.5853080467726475,1.9816807859838743,3739544,Apical,4440,0.1112315783175986,1.6820795912002748,4721.01048505508,95.65040512198576,True
44,379.0,17487.541201387092,6907.579620857927,0.0,15552.20835548083,18151.50340880887,19991.771421730293,35782.6351181687,0.3666340298365931,0.48997743701026747,3817316,Apical,237840,3.0119973194712206,11.63917326799261,17841.648606560997,384.2199890687625,True
45,379.0,13909.26687799387,8535.925876705292,0.0,8631.958249066862,10740.730375537783,17595.21056551209,41166.66520377865,3.608838597585285,1.6749714212673275,3991060,Basal,1242284,13.697006826873112,40.12023016664472,9514.131804846937,2171.470699779299,False
46,379.0,19095.076728484662,6817.287253334941,0.0,17367.4459004065,20203.205908964053,22005.73148471069,36117.84550606528,-0.3167822018004198,0.2234404697273958,3591088,Apical,4780,0.1179128070670223,1.728842080278026,20190.27627349364,72.64296249465602,True
47,379.0,20894.158114317746,7203.195223363354,0.0,19262.46097879563,21935.68300737408,23595.007091238258,38026.53811484816,-0.5230519616167824,0.1228635543272118,3809897,Apical,57512,0.8973301273618823,5.263419548194871,21729.02899349164,408.8581661163197,True
48,379.0,18453.779453090843,7647.730913582627,0.0,13898.092861764899,16105.329211164855,21395.91433390136,39591.088997399405,1.1496674467802208,0.8452056476865356,3555723,Basal,47980,0.7501622151956775,4.418483645306307,15178.376593035238,301.091348264941,False
49,379.0,9872.790971740555,7884.923336975474,0.0,4890.6508275680435,6004.770853246609,13302.728816316234,37454.52335833417,4.933436416964446,2.0756499130915644,4087640,Basal,5928,0.111479510900956,0.949941709219508,4625.312529981083,71.02112361825881,False
50,379.0,10447.419960710438,8319.805221532755,0.0,4852.9391609801005,6855.338649548978,13683.256647596081,37327.73563986972,4.669753274199637,1.998942883279999,3874205,Axonal,6360,0.1508458795228676,2.0446280104550376,5333.032533184099,85.9127464349732,False
51,379.0,8191.900356380084,8220.603197026856,0.0,2447.6473386218104,4422.171864593234,12415.802991247292,34934.46047958949,4.8464634115726195,2.0836529147920886,3863378,Somatic,6472,0.1392376320871923,1.5528197722898094,1988.094816652365,93.4237657130133,False
52,379.0,14582.88315370931,8701.163743196083,0.0,9215.605584926452,11463.091947637862,18043.787353079657,42917.98737126428,3.6479194800968386,1.6775880184491458,4110214,Basal,21156,0.2766064160039743,1.1393254919134597,10118.46569396764,114.37219941926448,False
53,379.0,8877.567554653613,6285.060284015248,0.0,4661.538756083461,6746.425720335176,12152.609287670555,31022.576424275278,4.396870281501249,1.9267078605817882,3739276,Apical,6960,0.1577718028835943,1.953430068770211,5244.199938980207,117.54148203932093,True
54,379.0,8013.310589926647,8171.66985091201,0.0,2248.533626176916,4249.95917627452,12133.505019834985,34589.42578303375,4.887233950034322,2.094201361812362,3863201,Somatic,7024,0.1329614560898372,1.1479856635857884,1667.835723325292,80.84553172563095,False
55,379.0,8300.856997976343,6667.306607296964,0.0,3632.4073651195804,5810.043029100559,11379.602071185003,31355.376253523096,4.8070147565132775,2.0428147013169267,3739395,Apical,7036,0.1758048631766379,2.644655908074521,3996.687628524401,117.5967686630887,True
56,379.0,7835.521296120673,7054.940524281965,0.0,3032.7537042895015,4857.454889136903,11212.223952595066,31805.218769881147,4.962010255861742,2.0960614589354294,3739408,Somatic,617068,8.893145010412569,44.50699306241001,2870.4670351704094,2754.686915059496,True
57,379.0,30324.209862169428,6358.389251684702,0.0,30433.275189116077,31570.96591807099,32844.22356097269,41958.9108652739,-1.830872569358231,-0.4837422328268064,2046928,Basal,399376,4.494981465510925,13.71980607474824,31600.7789935628,1275.8028844613889,True
58,379.0,22675.41914932696,6335.906490955314,0.0,20330.538556820607,23698.473199765423,25840.89397566321,38939.831535331534,-0.952335251036962,-0.0028806328348800377,3044777,Apical,7812,0.1310483604878687,0.8885840008441084,24413.49143404113,71.47027354082255,True
59,379.0,8293.201481958873,8241.212302156206,0.0,2497.314818289956,4510.64163950097,12516.74263623689,35123.44358117524,4.835590298295362,2.0803617937254546,3863493,Somatic,8136,0.1970431732671998,2.7847773743200674,2157.684175221202,130.06152390311286,False
60,379.0,7608.297660479787,7626.1325880879685,0.0,2179.311189361524,4299.219464042281,11656.671935154633,33209.148152278765,4.936868479628881,2.1059029515941066,3854802,Somatic,8148,0.248353464891957,5.5595137964122685,1564.626792561089,155.98717896032352,True
61,379.0,7790.042880259751,7544.3174303345795,0.0,2574.165397240391,3639.184524038318,11594.450198582756,32374.293706581466,4.815188053823869,2.0796482821559206,3747211,Somatic,17884,0.4994786806903388,9.387495202640103,1846.637213964887,338.7683574361691,False
62,379.0,19665.031595910084,5588.638322377372,0.0,17226.998484594777,20187.22397953716,22435.797547874456,35235.59393567817,-0.6657446239021585,0.13911519294240643,3157565,Apical,8604,0.1503328566760157,1.1058318894236234,20944.33049777433,78.21125238736431,True
63,379.0,7839.330431712763,8066.304385466083,0.0,2026.890562937454,3947.479702291071,11939.865660192194,34054.60826378715,4.869526961899346,2.093326338288219,3754013,Somatic,25932,0.6274158278929359,8.84957814026656,1354.319017070941,345.0333317231829,False
64,379.0,12537.885864540345,8225.362245621483,0.0,7247.4537318353105,9180.0394879325,15429.475257955735,38516.61158513298,4.018516122759326,1.7916985148114064,3772550,Basal,2007896,23.88352253661727,81.42183672702788,8032.153633988832,7374.619719009245,False
65,379.0,17910.00193866646,4345.483205420961,0.0,15897.578289787838,17694.54989537739,19787.805075068478,31077.433179077067,-0.800775101712107,0.09581195263040578,2840742,Basal,1648252,18.43333906710739,55.55114245130892,18539.814697024347,6077.494302753397,True
66,379.0,9606.709570677902,6050.446836037489,0.0,5733.65142394029,7825.225683646447,11940.876770428378,31470.881334973765,4.361092555907346,1.8843973564961343,3734914,Apical,69488,0.9251466067772296,3.951302138403946,6594.828352580528,375.49567241181353,True
67,379.0,18578.53430632459,7040.878887630324,0.0,16891.18487116533,19623.41450920303,21268.124877322633,35481.27940196069,-0.19506447660486703,0.25272473449657834,3706379,Apical,9264,0.1740472590803188,1.4802417695582175,19392.671193004848,71.91661838546081,True
68,379.0,7751.163081446815,7591.311818296398,0.0,2477.696588495621,3653.5058505495786,11539.15318864206,32480.048152673666,4.844303677516454,2.0863534747253083,3747366,Somatic,78296,0.8574395919244315,2.477762245277107,1721.117079108798,303.96710348325524,False
69,379.0,8660.636224862017,8269.371284305678,0.0,2922.031479847288,4909.70925819442,12947.70539031414,35586.70690018957,4.765629118650626,2.0597576267150015,3863640,Somatic,29344,0.5441985448610971,4.509845701221899,2771.173036820328,289.4771148122076,False
70,379.0,8786.667974169732,8167.370559968942,0.0,3064.825340246336,5109.914774240369,12791.526096086272,35258.736860528625,4.767429404798479,2.054836657820094,3867676,Somatic,10160,0.1864576953773498,1.5131490269515149,3069.217001125857,91.5204895091804,False
71,379.0,10674.02492966988,5840.274202516209,0.0,7085.880390682818,9528.796618671216,11933.635884903983,31721.09318734145,3.9639925129600524,1.7394404122655245,3731110,Apical,139404,1.9780333157062384,9.595741017570267,8502.710391398734,844.5708969648433,True
72,379.0,12146.929957587785,5911.587022359654,0.0,9189.153050902492,11499.919999721737,13579.955618624961,32127.944363124137,2.9171923358806087,1.4046669862380656,3726557,Apical,10676,0.2364931231275259,2.7961895114235187,10920.247066802103,172.9392957080605,True
73,379.0,7910.839709823451,8117.261828249232,0.0,2250.467215228253,3604.555451092409,12345.770261206897,34823.73305663826,4.859633034945649,2.097215984619419,3859571,Somatic,11640,0.1750949705395204,0.9546479331245716,1270.7430896920116,93.93614852653904,False
74,379.0,7616.266884160589,7277.3844305967295,0.0,2493.7628546140636,4387.605725221901,11374.028987440302,32058.39085169435,4.910148652238284,2.0950210362534016,3739553,Somatic,858548,9.450284722815528,27.588856548891933,2212.557795855286,2476.723036594928,True
75,379.0,7609.866245792118,7210.048862986953,0.0,2373.4589507848427,4341.000921446574,11475.50575381501,31776.29531584826,4.822276343562111,2.07694537532841,3743610,Somatic,12104,0.3149868577010504,5.139816977315934,2224.008093510453,111.58852987650656,True
76,379.0,20979.276128541933,6785.587421083728,0.0,19388.2457955865,22190.5272808016,24034.08424986998,38101.36466059976,-0.6232257165554724,0.10647227424469555,3366385,Apical,104360,1.2995378366900492,4.85542028103212,22400.284484800635,428.018691180654,True
77,379.0,12314.986376298044,8544.22950945231,0.0,6811.2834119384315,8997.989775499858,15834.989129574991,39946.29735031771,4.187156840138602,1.8514745786248632,3988311,Basal,84288,1.1767521385801918,5.5265190779428925,7589.00810383017,563.7055969209459,False
78,379.0,7688.310342302819,7947.059216742317,0.0,1841.1094032572516,3734.419499734865,11517.916686434048,33546.81469230723,4.932765175637657,2.108024339823448,3753744,Somatic,12624,0.3250970073349698,5.194851363339527,1067.784622477773,118.27087553578016,False
79,379.0,7949.875749298395,8088.646454858694,0.0,2333.8301836733026,3588.0112876076632,12317.492493599395,34881.33862110226,4.883515688100697,2.102229634471853,3859646,Somatic,130176,2.38115011612276,19.19670383860733,1374.8905410977268,1049.7147231510091,False
80,379.0,27017.911863890404,6004.037247804643,0.0,26793.161928397938,28076.29827808502,29367.31468323001,39333.89511604464,-1.6888505864418262,-0.3984097569157012,2286982,Basal,12968,0.2217150474929243,1.561592398523604,27926.66068472921,116.51609330903608,True
81,379.0,7748.505596690322,8029.900082045247,0.0,1890.5753839209044,3844.711822750829,11690.384616968993,33875.12363077071,4.92018818511246,2.104901883121408,3753989,Somatic,42184,0.6517080169909932,3.747933327784304,1118.1524940722531,263.10454196003536,False
82,379.0,7531.983389741318,7408.57677213799,0.0,1974.0619483521737,3844.375241830589,11586.04598042741,31984.137146404308,4.756208640939487,2.0693851088274067,3747733,Somatic,13588,0.2056067229032882,1.1343028924265015,1583.814698757402,93.85094565320053,True
83,379.0,7655.247955272598,7997.568432502634,0.0,1753.8012733778899,3668.0790613071576,11479.734025730735,33741.34401591022,4.962747135998619,2.11566937870942,3753924,Somatic,29652,0.5260107296228989,3.988448685741332,844.3814303974241,322.37400639629743,False
84,379.0,7727.397876969482,8008.773531883948,0.0,1842.7061379699585,3835.290471398483,11647.558842016428,33786.65803242457,4.919960182473792,2.1048671039554283,3753949,Somatic,13756,0.2200776391513906,1.3572867333966894,1105.056107172844,99.88493379884676,False
85,379.0,7518.0618054863435,7410.704440501352,0.0,2234.3679345760256,4294.958905507711,11515.005613036185,32245.456439628822,4.8653697559763085,2.0884608112974252,3744025,Somatic,14092,0.2586099140394242,2.098545662351618,1781.5131209171602,160.34026319050372,True
86,379.0,13077.986689964555,8413.327794121371,0.0,7763.197071341003,9775.212990006918,16407.579822828146,39740.057989389,3.852819487529805,1.7468557579790218,3880069,Axonal,36856,0.5875337553967074,3.5975782867873707,8571.180140447404,166.1114083980989,False
87,379.0,20658.120492437956,5174.61468208624,0.0,18389.585561491338,20960.51767013401,23151.877610172207,34275.34303256497,-1.0935883841766838,-0.05099841066908513,2836088,Basal,14384,0.2007498079617451,0.942180799186765,21915.91604291274,95.03683496413376,True
88,379.0,7875.756059436564,8100.327326256164,0.0,2225.279785975622,3557.496872802561,12255.977623488447,34740.62290748397,4.877443049450401,2.1012650053946142,3859503,Somatic,14548,0.2688613560075918,2.2126195837499254,1197.899828867172,155.75942989109842,False
89,379.0,8645.480676001864,7707.848457654812,0.0,3174.6554877810313,4802.387843562825,12365.56262554181,34112.695408014886,4.788768936076428,2.060743249917936,3750975,Basal,14792,0.1555657625344277,0.414587737639122,3058.5525988611016,132.4990566004151,False
90,379.0,14644.943316388728,8604.189083478945,0.0,9282.868991063984,11485.070134744496,18666.080002883115,43471.32940226236,3.5805922009235793,1.6705293717108618,4221436,Basal,14976,0.2214741246053328,1.167093099459878,10124.01758196814,94.3610088966836,False
91,379.0,7938.161433003662,7275.593764946235,0.0,2927.309450966117,3941.013575211332,11755.995646382442,31747.960139196344,4.696857843349823,2.0484762662867757,3636081,Somatic,40904,0.6878487034783515,4.686788896250008,2375.6323368737008,337.55592129305035,False
92,379.0,12664.020254060824,8599.614249807406,0.0,7114.50515559401,9343.50881628524,16856.82142021371,40939.471137277775,4.015464877115006,1.814042878702416,4104478,Basal,15388,0.2795996444354459,2.224199157003365,7945.027690323049,138.81282361511128,False
93,379.0,7721.000408123454,7179.638674835293,0.0,2741.8752387966842,4609.1864791956505,11338.555703084836,31977.15465766146,4.928304504275598,2.0946777084467176,3744141,Somatic,15528,0.3313538945908436,3.6355772437096,2538.2340317630287,173.68937791356154,True
94,379.0,7892.425906030448,8178.017012080445,0.0,2132.606317554496,3876.671381481799,12264.307984992549,34672.50934097502,4.853700473054305,2.09264100303415,3863533,Somatic,15604,0.3298768088923886,3.552316503976153,1285.8195829897754,150.17656275198203,False
95,379.0,9366.566074070564,8309.67261919617,0.0,3806.81236115122,5635.349501140102,13461.80515653334,36419.63905642119,4.708739470795667,2.0338753049123883,3868729,Basal,15660,0.3215104601419026,3.2653518784030617,3859.7488260248233,123.664869708418,False
96,379.0,27097.846475902144,6029.204810080655,0.0,26910.038747708095,28191.78270347585,29417.431805954402,39315.75129639519,-1.6978685091981478,-0.40546394193415275,2286867,Basal,15840,0.2683309971783212,1.8553692818623968,28041.00682928485,131.21356637177422,True
97,379.0,19014.486091343366,7057.174802415713,0.0,17122.479581801497,19679.49310830947,21741.235631611016,37725.87663660051,0.09855556994116288,0.392682446930503,3932208,Apical,16088,0.2389668728518483,1.27039029893789,19396.644065404715,121.95080975540915,True
98,379.0,7522.58714104916,7608.033404668568,0.0,2117.584590773038,4178.902248198682,11479.841650988961,32942.17363805856,4.9564726005976905,2.110597758806624,3744274,Somatic,1206396,16.361994646126618,72.51989126802405,1444.2575947524042,2725.73824862183,True
99,379.0,7994.858255770954,8188.509063822668,0.0,2301.008727139826,4143.178127959261,12161.293011085963,34665.972249455226,4.893542075690371,2.0968961209532746,3863277,Somatic,16368,0.3461985013672953,3.731749649197335,1582.520773955274,229.3490789168337,False
100,379.0,7723.0379230293975,7718.143627168842,0.0,2307.6126103741053,3784.628515455645,11550.896301846231,32827.662115965555,4.87656407430676,2.093332278976132,3752780,Somatic,16448,0.3904245799899922,5.300458559153993,1509.6078961107748,232.30368055629253,False
101,379.0,8901.005213578164,6533.645814764964,0.0,4595.540293377451,5591.246104402846,12147.184659115395,30270.30863734296,4.267324592931118,1.9067595870083078,3528286,Unknown,36308,0.7713667088785566,8.388922907402195,4377.515391177968,511.1643571298766,False
102,379.0,30930.604360083347,6777.960046406355,0.0,29673.148085136254,32129.90427934699,34229.282190459475,43902.14778345132,-1.7518384800928346,-0.42848396535693384,2132641,Basal,143448,2.140452282534325,11.483012539245935,33074.68036126729,987.0319143776456,True
103,379.0,7717.538040933638,7732.893825150171,0.0,2269.697554009099,3781.2378925426,11564.867521481916,32868.33693693674,4.873964684199903,2.0930723309474573,3747794,Somatic,75860,1.1610969260703097,6.554022558702342,1474.271684595482,511.0743585819973,False
104,379.0,7459.553810407618,7625.330416279449,0.0,1895.0031322128418,4060.8555748758167,11442.864257081754,32801.536137809155,4.925919343021583,2.105289742468163,3748846,Somatic,41224,0.7004941971798424,4.873506501586362,1189.2438774280067,256.5092590921427,True
105,379.0,9155.221242612472,6189.9872459185535,0.0,5078.306135085499,7172.571435684695,12149.449818580717,31239.27713632311,4.377001956420729,1.9097809383662312,3734790,Apical,17368,0.2979372176422551,2.112529755899999,5762.293727327687,150.4526503588421,True
106,379.0,27647.45447727476,6858.20867335272,0.0,24797.316098098017,28907.44307267594,31105.527727689812,42542.4212286983,-1.459616959916254,-0.25080525022140343,2591182,Apical,17432,0.2759573195394941,1.6663242007620236,29893.629555475527,119.74973903938162,True
107,379.0,7653.926982229159,7724.577051916642,0.0,2136.2482334271253,4160.80857526515,11458.562173074155,33588.49499456622,5.0374450029581315,2.128536684045852,3854632,Somatic,308116,5.336005843947686,38.561025050033706,1394.701401734436,2019.39520649129,True
108,379.0,25502.114176046052,6444.67346387821,0.0,23280.359010968466,26539.515462796226,28713.78785481602,39882.19458605557,-1.3980123583318447,-0.226350900453598,2712506,Basal,18532,0.2886043320745542,1.686522489928045,27509.887695154262,124.97999839974396,True
109,379.0,7493.980424424942,7550.5274594072325,0.0,2128.935604382516,4203.332606396976,11575.567735667777,32675.44627086216,4.892354147894046,2.096600249971511,3744354,Somatic,42448,0.6987646784284502,4.562538572898834,1498.520937457999,299.8132752230961,True
110,379.0,15233.680637939275,6406.114841261089,0.0,12939.115650735162,15675.883898523873,17428.405169265156,32990.06498932671,0.8962865159472644,0.6985822983626506,3717191,Apical,19020,0.3564674702547247,3.0169413658685973,15294.833277940626,205.2413213755944,True
111,379.0,7695.554881495738,7690.540289324461,0.0,2292.562404572717,3747.5560035842022,11552.432540355723,32729.8867856276,4.864449768463253,2.091246041120458,3747730,Somatic,49068,0.6499710120689439,2.747979152923242,1483.6849396013963,232.8626204439004,False
112,379.0,7527.559050153747,7336.358252733048,0.0,2157.257345029167,4210.332647190719,11480.68393894918,31972.718683277468,4.828341613045248,2.0808613327960144,3743588,Somatic,19280,0.3068169221796704,1.872199179750028,1842.7327532770453,153.17963311093283,True
113,379.0,7673.483698548061,8063.742342782545,0.0,1773.8539261621274,3648.6420761702566,11855.473353335958,34141.31579186719,4.898741645904689,2.104223741207353,3753846,Somatic,770148,12.175693303889084,73.32649038854181,668.9753358682217,3156.991605943861,False
114,379.0,7743.103481577233,7246.625799465903,0.0,2744.912395596496,4615.831994342949,11366.694787842756,32286.84574250015,4.961486808399204,2.1025768381764665,3854254,Somatic,19460,0.3316506798940128,2.321053690851213,2483.9669885085027,159.37377450509229,True
115,379.0,15906.234638601716,8158.141774692595,0.0,10905.806465866479,12908.211533748585,18500.29987049549,40467.07110725954,2.7368489869933157,1.3780862639570848,3773783,Basal,680340,8.18330489861763,28.527411676956245,12005.874562063356,2484.535570282704,False
116,379.0,7797.021324028054,7962.558855967649,0.0,1940.3597014838947,3846.64802132974,11800.804754900764,33653.472213131296,4.855968109559196,2.0906354986969458,3747612,Somatic,815416,9.502091715532526,31.09047655027689,1364.8985310271237,2080.3172834930733,False
117,379.0,7711.760870275549,7759.304750873927,0.0,2232.893998381285,3796.90716241522,11537.2395387702,32945.825304581456,4.8904950881830676,2.0966253308583207,3746912,Somatic,564252,7.493591716885927,31.84579169279793,1433.4786360458952,2051.7602199087496,False
118,379.0,7493.135696240702,7439.171320710488,0.0,1866.2806377999782,3848.519325662793,11462.367538892155,32094.12358984118,4.809325368813832,2.080908161728674,3743574,Somatic,275372,4.310243288858183,25.44450333308248,1496.4655024423382,1210.8827358584315,True
119,379.0,7791.806303249451,7841.611544072129,0.0,2346.3359527144657,3938.616635317532,11766.073575551858,34158.582596472006,5.0109972631464235,2.12548082370768,3859467,Somatic,20892,0.4191899258749647,4.066311636706801,1377.1263558584594,214.00934559032697,True
120,379.0,7587.4987346390335,7544.544490783837,0.0,2280.560035454906,3807.452691761252,11682.006442132213,32286.734567001356,4.77960557873897,2.0737353162366055,3747592,Somatic,20908,0.424333206139047,4.211378310911004,1464.3595869867484,260.6683716909284,True
121,379.0,7838.398632545546,8059.8964908440985,0.0,2039.4144864906004,3930.894045888289,11928.966382677736,34028.847115352,4.870520551902702,2.093589946910342,3753966,Somatic,48296,0.9091184649332325,7.761886595410034,1343.4373822400507,348.61583440802,False
122,379.0,7604.740854556952,8000.346152361904,0.0,1669.1100030779937,3773.328636628408,11789.341838336728,33954.480543810416,4.90075734493788,2.1039001885851873,3858722,Somatic,21228,0.4035007822196761,3.5127170421770826,408.6918154306494,261.8644687619915,False
123,379.0,7669.787603964382,7175.6215361786935,0.0,2604.5127165544964,4463.568527534892,11452.806471329897,31823.72548901213,4.856880720683321,2.081913211650076,3743854,Somatic,21560,0.2863981950964255,1.2177033470233654,2430.0098765231387,98.40731680114035,True
124,379.0,16938.408993704626,5811.196775171991,0.0,13800.363358806972,15449.471058906838,18743.750253282145,32774.13200986412,0.29500644604703474,0.5127019097940145,3213543,Basal,21828,0.2860119541205315,1.1831855257835673,14714.753174960157,106.45656391223604,False
125,379.0,7515.409205062827,7570.757569414678,0.0,1994.8329226036017,3826.627235569203,11725.567737387591,32362.29350648684,4.757247626229413,2.070546884642915,3747918,Somatic,22188,0.2929458203607376,1.2304211463672647,1263.7820223440433,105.8347768930421,True
126,379.0,7688.675402765418,7130.155805750124,0.0,2632.3356540806935,4480.663901700283,11387.36170661005,31701.24924983241,4.863009793425119,2.0822618469733523,3743694,Somatic,22392,0.2998154695692457,1.2951036397478128,2501.9368497226305,129.1355876588634,True
127,379.0,16346.883134503549,6708.404248511859,0.0,14176.129696148124,16866.147426131432,18667.261468347493,34882.59693600808,0.746351613407148,0.6400631283126708,3824296,Apical,410988,5.659767576346365,25.86221335268487,16490.742493896385,1890.4425407824483,True
128,379.0,14564.763456760751,4433.041603965792,0.0,12372.110937506899,13511.793108244368,17091.721890429006,27886.458792754594,-0.09100919524842599,0.4055376142209629,3093684,Basal,22560,0.4117337509085049,3.304451623624177,12907.70823965277,193.9690696992693,False
129,379.0,9571.026650780086,8350.350165513884,0.0,3983.18630936374,5817.04882221217,13868.123671593821,36881.80131175808,4.638944238781823,2.017471561928646,3869050,Basal,196088,2.7419513798659505,12.918300946823754,4113.277039052925,579.0725343167296,False
130,379.0,23019.96151835697,5228.486178776183,0.0,22626.640514069506,23549.03361074505,25321.811814315988,34350.386504375754,-1.6039416977748746,-0.3445187993826182,2391709,Basal,1028024,12.453688029097671,44.036786738961816,24001.305547823853,4387.476381702812,True
131,379.0,15592.267191341316,8707.836855904168,0.0,10252.441321954091,12492.67629453353,19096.56738683065,44182.40342036635,3.384377079886395,1.5960594148061842,4226371,Basal,23256,0.282776281863926,1.0073655263746373,11192.37490437128,115.53354491228944,False
132,379.0,7629.527931613875,7599.46665855803,0.0,2262.877285210045,4286.565991560144,11616.26477469681,33173.311984183914,4.952843230066945,2.1089816017895755,3854820,Somatic,23604,0.3424907077034707,1.7374141312977684,1657.0552193575204,174.78272225823696,True
133,379.0,7952.025235494941,7320.137508807151,0.0,2934.042633029505,3983.7506197050034,11675.957766348598,31872.87657240871,4.742381888504436,2.0573514067982632,3636105,Somatic,67940,0.8366271748313885,3.0568420477674043,2352.6761358079016,326.0306734035925,False
134,379.0,7649.842512853295,7431.301817796752,0.0,2524.2600985120707,4476.74714497033,11378.78508611584,32691.59324658252,4.99638115950018,2.1137473484466587,3854494,Somatic,23848,0.3690102107737382,2.128822282534525,2043.4336299473985,155.8492861709671,True
135,379.0,7655.716526242063,7396.601261909466,0.0,2563.949657760535,4396.974982871747,11428.852099392596,32593.18249266248,4.969552248306963,2.1086749638828035,3854426,Somatic,24076,0.4545565024154838,3.9041198161960393,2116.571047709006,249.5035069893808,True
136,379.0,12537.310087779413,5921.738005709898,0.0,9596.69523829718,12103.427324522589,14087.87229907025,32007.29468418098,2.562043449303829,1.2912366222354636,3721936,Apical,80584,1.3870345724865951,9.901304104242987,11549.859219921254,720.5386873721633,True
137,379.0,7709.0289322593935,8087.622680027911,0.0,1809.8423610747413,3667.883994894059,11933.67186018815,34241.316621882404,4.886415459359389,2.1015105839317907,3858857,Somatic,60248,0.8039009434702458,3.448661181576672,786.450252717869,350.9373163401122,False
138,379.0,7434.483126529986,7701.2964135862185,0.0,1668.5717141857067,3922.335146312717,11555.557660702101,32850.8928341377,4.861585434143121,2.093196922664588,3748478,Somatic,177036,2.061219252897004,6.732518831651583,771.748663750058,601.9269058615008,True
139,379.0,8697.684743519932,8175.83468964806,0.0,2938.5918105758356,5031.103755638518,12765.706234513276,35208.384569587965,4.768145107773854,2.056867787197908,3867686,Somatic,24668,0.4991811135706558,4.925323263598771,2921.87405614958,173.46181135915768,False
140,379.0,9068.834629277311,6416.258176633755,0.0,4871.163459267753,5882.886111425241,12113.755276822914,30023.222811683627,4.201462252449822,1.8803734807961077,3528053,Basal,24776,0.5080049927813824,5.14599950332801,4690.33815412066,212.2474970406012,False
141,379.0,17281.553567197207,6669.548707246805,0.0,15370.828542285031,18155.350616278385,19847.05770475704,34016.984110882026,0.040741569456407056,0.36049401706768,3595066,Apical,72012,0.6158688769647362,1.085383486135995,17986.56754358652,176.2753527864857,True
142,379.0,7531.356807894417,7624.579965288741,0.0,2108.1046374587463,4189.09727745728,11497.313209784905,33009.965586168066,4.957825865090923,2.110929289272602,3854527,Somatic,54756,0.8485404509412013,4.910010315541969,1419.0954865688211,365.8688289537659,True
143,379.0,14504.219893917476,6365.996061231165,0.0,11692.113714596888,14234.658267763229,16622.800907328667,35420.41672538594,2.022984800453915,1.1173156596386944,3943710,Apical,25312,0.3056773385839519,1.074150140207976,13742.29907984832,120.7683733433551,True
144,379.0,10028.586864652425,8326.880090512092,0.0,4486.354151405533,6447.633441814136,13666.62379102032,37018.80372189247,4.67908548688524,2.010723123708353,3868835,Unknown,91580,1.4094244980658075,8.043634945472736,4766.117602409743,629.3806479389083,False
145,379.0,9780.131660513594,8323.315019025635,0.0,4243.684852077224,6172.379200924065,13762.464019374234,36796.63578372349,4.642263383258543,2.0093227478234144,3868820,Somatic,26208,0.368493952657774,1.7553006665469768,4423.01130452998,162.18507946170635,False
146,379.0,8922.211849047591,5677.043995035031,0.0,4642.027996645838,6770.081018717575,11537.198424559621,28509.104931582824,4.073837966684874,1.8340324914992014,3626072,Somatic,26224,0.4744251680279914,3.7413942160439873,5323.494716819018,241.09126902482387,True
147,379.0,7942.6514881203975,8134.723356564183,0.0,2285.4518809701785,3654.70395517886,12447.42146080649,34897.73948266564,4.837854322045294,2.0923142190835624,3859486,Somatic,83168,1.548368261143439,12.93118867619395,1338.7863907285582,598.0802621722272,False
148,379.0,7558.762790805724,7730.1841450535685,0.0,1950.637341201043,4090.723652362745,11520.767104461214,33378.320583876,4.975200656958561,2.1163290823893446,3858657,Somatic,27256,0.6607354039674229,9.355923797110018,1179.602051541112,477.4180557959658,True
149,379.0,7631.061443893375,7546.018633798832,0.0,2314.088663463764,3808.457036648832,11709.330427491164,32298.900677886857,4.768903018802362,2.0710152495800758,3747410,Somatic,27492,0.5760257062403729,6.093139306758961,1550.3344800397106,348.09768743845456,False
150,379.0,8159.452999478339,8210.330723218134,0.0,2445.314533541695,4424.221965498567,12389.843900284688,34860.23511108323,4.8479871555885765,2.083949295758593,3863339,Somatic,28088,0.4501152366528668,2.785208376898483,1935.699356821715,218.3323155192561,False
151,379.0,7529.861410358895,7766.053839566402,0.0,1915.359915584852,3994.223829481768,11578.448603052195,33396.45066470388,4.952543250923261,2.1126770609994097,3858724,Somatic,28376,0.4867645093968159,3.451298709764275,977.4195619077816,220.6105165217651,True
152,379.0,8170.537211874277,8234.75550272544,0.0,2449.0420194136914,4351.951286492072,12457.854383602913,35006.8284767415,4.844792978158722,2.0845338689344524,3863496,Somatic,28436,0.6036643776516707,6.555077309350899,1922.0707583229084,389.1580655723327,False
153,379.0,7532.350081837671,7622.3161401588,0.0,2104.6742606709167,3884.570117786523,11698.55894805654,32494.327212607437,4.793190283304003,2.0771716340086557,3747833,Somatic,29040,0.6715276874604428,8.65220357765159,1210.6977327144873,317.1435006428478,True
154,379.0,7637.407914453562,7667.308834214015,0.0,2167.3214600787423,4215.963472327529,11661.694862953358,33389.96861334254,4.953474617528325,2.110470258415375,3854827,Somatic,65332,1.156134060130288,8.723702838418985,1506.5165116917904,546.7659462695167,True
155,379.0,7572.939256162484,7712.520051600656,0.0,2064.4781896168606,3936.298261056954,11718.06873214022,32750.96316140947,4.8106171888700135,2.0803479096761412,3748049,Somatic,30160,0.6524114400398766,7.355805067624515,1153.738271879719,399.0689163540553,False
156,379.0,7881.511763016232,7967.107224462051,0.0,2312.631699154575,3723.294777478678,12194.583783163613,34582.54746255689,4.903500521146054,2.105669608841993,3859630,Somatic,30240,0.5766131112869042,5.0514743151458665,1349.5499249749896,255.03921267130667,True
157,379.0,8122.851936153234,6830.5359315563555,0.0,3437.1828453474764,5450.178804406329,11343.559692925788,31621.258624539285,4.882421616625406,2.0673917909936366,3739448,Somatic,139204,1.6295258139188222,5.38032471467877,3554.5560904281706,385.84064067954273,True
158,379.0,7592.871927902533,7361.2659948914425,0.0,2447.050014413491,4488.915236446329,11479.056816588436,32297.12922226989,4.905125538835399,2.09400049941594,3744270,Somatic,31220,0.617833288634158,5.830103946045747,2056.313205715511,195.5428341821812,True
159,379.0,7642.866722279953,7476.227812066324,0.0,2392.6213102078955,3754.4325802975873,11635.643367756486,32123.797300443795,4.776294551855955,2.072310699434948,3747364,Somatic,31588,0.4660255258518427,2.444066619410909,1668.4295010578062,207.1810802172824,False
160,379.0,13699.784687201873,8623.79294210126,0.0,8367.905816646096,10558.334906603408,17312.81932340443,41561.18262273103,3.791348894776087,1.7270439091911636,4106504,Basal,31892,0.363582934778592,1.1386103952362907,9210.420022995691,116.22392180614108,False
161,379.0,10213.420189779235,5676.092612633014,0.0,6502.865324435271,7691.514610270204,13220.075367202138,28372.6450652737,3.0551632945425737,1.5368202688868302,3417077,Basal,31904,0.59137816165989,4.895913748248255,6677.779870585732,308.6632469213009,False
162,379.0,13359.509152378787,8626.774408481353,0.0,7896.1239510118485,10129.689284474623,17542.638181122747,41826.12112065856,3.851194608218872,1.7604321374351668,4105162,Basal,197784,2.022085127908384,5.092654062704545,8729.83367539153,683.2020199033373,False
163,379.0,7593.612524080567,7850.78974073721,0.0,1939.6786930321127,3903.094797721418,11843.454082660533,33751.285901429,4.9049034735152635,2.104361958828502,3858949,Somatic,32356,0.464819402951777,2.311379593876896,868.6403168170356,215.7127719909046,True
164,379.0,8215.71930078693,8253.435496887792,0.0,2573.7165890078077,4178.271053916919,12678.62828578283,35300.69444076136,4.821482713300627,2.0823139769413617,3863856,Somatic,32432,0.5180474780738977,3.184853144435953,1919.63746577316,264.1912186277205,False
165,379.0,7656.584895348726,8019.796066358545,0.0,1736.6071467613542,3655.447031486026,11544.140322017323,33841.26783972492,4.95308208202842,2.1141164980196425,3748030,Somatic,2198780,31.90784158286884,161.90375012680033,771.7881833767605,3891.987795458768,False
166,379.0,8459.227979921878,6133.817727556039,0.0,3945.7335478559553,5901.366282480693,11479.497164761216,29553.883890277437,4.435835957633104,1.9483878520283073,3626368,Somatic,263420,3.995443907145179,22.14755585262234,4412.160128553813,1873.120391218888,True
167,379.0,7574.60583447235,7580.0123287043325,0.0,2235.700263279922,4307.820910855046,11526.628439957964,32983.13728255698,4.958264180397199,2.109507959196467,3854630,Somatic,33016,0.4789203875497019,2.428114971581829,1616.7427129880623,191.14392483152585,True
168,379.0,8229.99210477747,7048.41332609686,0.0,3420.4358236771313,4340.870419627842,11779.10191750214,31320.084498608878,4.631619994281364,2.023561510582537,3635497,Somatic,33436,0.5722282884859905,4.038383144059664,3015.5392552576727,312.2579062249665,False
169,379.0,13874.583548646428,5939.838799691174,0.0,10381.634747714108,11883.77212841108,16078.810570612062,30256.62895961809,1.3408151920146425,0.9123930523935043,3316478,Basal,33500,0.4624166936326205,2.1229466525284977,11020.841710141744,136.42580401082486,False
170,379.0,11713.086366005444,5874.623535515984,0.0,8649.56588693698,10890.190448288771,13101.325481792808,32039.572422240595,3.2323407422189305,1.5065812320671312,3726614,Apical,34024,0.540491056302578,3.286419350688335,10232.26289732628,277.94963572561124,True
171,379.0,7846.980791821371,7944.046236818769,0.0,2029.5631909398357,3897.2668628155297,11789.42914646328,33627.239330637894,4.861338305786326,2.0907039709319495,3753428,Somatic,34440,0.6296924676380737,5.072095150102432,1501.732665956228,367.6968860352233,False
172,379.0,7704.40403909613,7109.750601467247,0.0,2664.648743135509,4534.790403094723,11364.504877304937,31669.548544303565,4.868551853858925,2.08245356557774,3743653,Somatic,34644,0.7093779409033787,7.16646791658777,2555.5588429930544,224.45489524623872,True
173,379.0,10281.963341334293,8412.331231069897,0.0,4524.130384248803,6529.126204937381,14638.027095807482,37977.22434565223,4.506848542841633,1.9788985469783846,3982215,Basal,549476,6.022371900844995,17.43144700264628,5024.218247648086,1606.6872751098765,False
174,379.0,7461.152564617794,7780.475935246236,0.0,1698.391633531598,3942.637188481841,11496.3621406832,33204.877186943486,4.929981120524278,2.10791182144874,3858379,Somatic,35660,0.4765632089603045,2.050817616519958,598.8029726045121,202.86941612771503,True
175,379.0,8074.982465882223,7950.092568192275,0.0,2624.277512288842,3829.6741375735874,12150.644857628495,34908.12061684215,4.976227384874354,2.1188300316441184,3859929,Somatic,199568,2.781386456083027,13.017583716600358,1754.907689880012,663.7145470757741,True
176,379.0,7868.15839126543,8097.152871633314,0.0,2052.9055252720677,3994.5298847298654,11986.486018130736,34191.23010363915,4.872940755146184,2.093765790494873,3862917,Somatic,36052,0.4811280830660076,2.0646744293121806,1378.3540909359974,185.1053753946654,False
177,379.0,27227.972740637255,6806.682525071477,0.0,24428.356883844786,28463.220478364707,30657.565047646192,42148.8634840846,-1.4360121305706013,-0.238904868797096,2591258,Apical,194940,2.4517234010951903,9.344168820154296,29443.383110641345,964.433512482846,True
178,379.0,7918.314230130488,8011.569093972635,0.0,2107.7435265291733,4054.3413768453192,11928.85865606778,33911.63298928555,4.856874501719323,2.0885351541198074,3753819,Somatic,36640,0.5681938526830205,3.29235642447452,1595.7418337563254,165.4841382127,False
179,379.0,7746.474935151042,7113.089430476214,0.0,2804.758150066382,4647.456078329305,11302.800556812948,31797.275669465773,4.9184349675374435,2.091101480026961,3743974,Somatic,36676,0.7189217651209565,6.6559362001011655,2655.9216855924046,415.4852584629207,True
180,379.0,12112.858250931808,3861.640353913479,0.0,9376.705369295967,11088.372468491489,14341.273949485407,23137.73707604095,-0.020549264600104422,0.46395783593702933,3294714,Basal,37076,0.5053969053380243,2.262768741618076,10436.144355076734,188.58419870180003,True
181,379.0,7710.6589214496735,7815.54801466586,0.0,2178.883205043443,3993.4676660766895,11648.624723180525,33934.885589905854,5.012946126169277,2.1254974853920388,3854859,Somatic,798584,10.839463090260852,48.1183011711604,1272.8204900927703,2091.9247118383587,True
182,379.0,9036.721476326138,8287.986607702926,0.0,3333.9211207524304,5323.692703377985,13252.426945474528,36006.73082911027,4.721021874424801,2.0432217931674503,3868451,Somatic,37120,0.6883581016309663,5.703684996475142,3354.7245788588966,407.966910422892,False
183,379.0,11445.228264904728,5837.100476214392,0.0,8323.73412415853,10497.789100567796,12723.097770822778,31892.90554339633,3.429083707192339,1.5679528971510088,3726577,Apical,37996,0.4697073585838805,1.729555556114601,9808.266360575655,187.1176100745197,True
184,379.0,8927.69579201192,8188.038893023551,0.0,3243.2548136758905,5264.13829605568,12860.840605619844,35469.98913165889,4.772775727275773,2.0531788516562064,3867808,Unknown,38476,0.5965413348095376,3.4551744179729096,3277.773787191544,176.71728834497208,False
185,379.0,7448.690007369903,7680.344290671188,0.0,1724.9330404644568,3921.639453085916,11671.296441451705,32716.47028638633,4.8064190469782755,2.0813312339213965,3748367,Somatic,38880,0.5148265562669925,2.174996153331504,852.5397351443509,217.1543230055529,True
186,379.0,15281.904628697399,8711.352888578383,0.0,9946.494524546637,12190.289250054731,18764.659884931905,43789.10363320994,3.4650490412397943,1.6204921314477208,4108954,Basal,955592,11.990396417463009,45.48663366459095,10866.017347676194,4932.993411712609,False
187,379.0,8482.919859891517,8247.10299249267,0.0,2734.1432988644083,4706.367707691357,12759.316746407541,35312.29719233797,4.788030072301398,2.0673002177732127,3863468,Somatic,39936,0.800697515072192,7.755405270847212,2494.25359576768,472.5208990087105,False
188,379.0,7592.36512151619,7694.329966177303,0.0,2144.6426906873985,3942.0872643816497,11703.74829962093,32699.31383072128,4.814402241322606,2.0806037311063044,3747723,Somatic,256876,3.758021326430576,19.38022630207477,1238.2976217371977,1242.7710971856402,False
189,379.0,7460.745924950448,7497.073120818534,0.0,1895.5004409979501,3951.508572684615,11396.31874329999,32329.222755890685,4.875833677665499,2.0946071590014035,3748398,Somatic,40132,0.6249283040042214,3.651212929075587,1410.2510414816222,278.43132007732174,True
190,379.0,24449.626162112432,5477.128785000239,0.0,23774.441872254843,25073.18775106189,26503.64920832977,37609.788353565615,-1.4878682162782662,-0.2717325128871206,2287110,Basal,2509216,27.4845404987676,79.4543223890485,24834.086735775083,7998.904424982211,False
191,379.0,8163.880546461741,7768.446867026263,0.0,2555.0387473846645,4278.531173194839,11950.311764798527,33706.97632538404,4.860472407870784,2.0850065824017747,3750851,Basal,40480,0.4936952763473369,1.7693921283385918,2241.748647819376,173.78147196982766,False
192,379.0,10857.554490207358,5783.339634170546,0.0,7441.433462436058,9837.958324774503,12119.702237226396,31532.801778465546,3.771833171808307,1.6790152071296607,3730887,Apical,40944,0.6465803002195694,3.885214950703126,8856.849383386849,328.1280237955911,True
193,379.0,10005.745832454433,8285.936212756325,0.0,4430.622304105198,6155.999675113701,13946.345980296017,38043.896803561016,4.768116851260352,2.0421774815219598,3978778,Basal,543468,6.369497732012976,21.08122239224766,4585.527668654939,1643.3055102445194,False
194,379.0,9904.703889701605,7968.0139481295755,0.0,4856.033724429045,6019.206010762549,13575.31414835924,37645.85497767317,4.872382097808375,2.063405736814368,4087679,Basal,41108,0.5882690619553352,2.902709091553436,4606.634020627209,125.31560158256433,False
195,379.0,27187.98739764038,6742.776722965397,0.0,24881.56871591539,28391.2748745103,30559.670585689397,41755.359572155525,-1.4738295001026787,-0.267046822872765,2597509,Basal,41440,0.6141296446327004,3.2498915926234107,29362.29202565767,247.98387044322047,True
196,379.0,12342.503020269594,8578.201127203125,0.0,6739.146952642892,8979.56663765017,16412.557805421406,40485.1727549729,4.116557175756801,1.8435284641278693,4103935,Basal,41440,0.6840346663837781,4.490792878575831,7578.856707973835,334.29478009684806,False
197,379.0,9452.490891560605,6195.73831731701,0.0,5466.528824122886,6496.847851073627,12474.75053218177,29572.41890681248,3.882650508363694,1.7843462969946324,3527154,Basal,41716,0.7295366742157592,5.376061796292846,5352.237289209065,416.2355102583152,False
198,379.0,7750.775408675369,7078.691349338879,0.0,2770.5933011724783,4662.950996954611,11335.158742177908,31678.38966866845,4.88656026034138,2.0840484766326384,3743814,Somatic,41736,0.4997340583871523,1.7263282683490768,2688.4895387559163,172.75416058665562,True
199,379.0,12859.198107686956,5937.959139659317,0.0,10007.387628076262,12531.61474032776,14566.702052280505,31905.767958160795,2.264122158895298,1.1935686253754483,3721504,Apical,174092,2.886114859270279,19.11223100561015,12054.629152321526,1418.0497170409787,True
200,379.0,7698.069043088768,7277.0518933962485,0.0,2689.0862058356824,4533.862812216532,11381.302713637611,32278.91189306108,4.9528759171988685,2.1020611819391593,3744321,Somatic,105276,1.6663320364883476,10.05898276484463,2371.246296781505,748.128999571598,True
201,379.0,7526.180255313351,7454.029437415409,0.0,2234.3526390964817,4297.273205184888,11569.593286664429,32432.812088994076,4.87271369657322,2.090620250195228,3744190,Somatic,43616,0.7569143626472018,5.4925845748654245,1757.0019920307432,267.4097978758445,True
202,379.0,7555.157795796629,7351.29503761297,0.0,2392.629641990061,4460.478113386501,11502.314555380315,32149.41624664436,4.872457981351312,2.087347490306786,3743895,Somatic,43632,0.7028519395548447,4.39450015789441,1970.1423806415617,328.36717253708537,True
203,379.0,9510.328203857982,8336.115651618873,0.0,3947.542374320272,5755.137183421434,13696.95009243277,36703.80319530934,4.669528675423495,2.0240054449191778,3869019,Basal,44440,0.6791373488357438,3.821667746100013,4046.7874913318574,198.59758306686413,False
204,379.0,19744.561910048913,8238.092640966483,0.0,14988.328540312486,16978.161266756775,22656.01709023609,43535.93687977784,1.4260908078297376,0.9384264876142021,3787723,Basal,44496,0.661037172356536,3.51531207332811,16172.982037954534,299.7615719200845,False
205,379.0,13706.8761010313,4568.895226651357,0.0,11259.910963801962,12397.683049666985,16330.09132794699,27089.64446056832,0.19762882875751142,0.524647616787319,3201340,Basal,44760,0.4890359986696622,1.406599682693556,11734.221959721062,156.60459763365824,False
206,379.0,10311.896157083096,4960.545370164945,0.0,6852.683145148751,8429.654619259321,13104.5124870744,26545.170728401805,2.436454211674535,1.3437823072541861,3406454,Basal,507612,7.243931999414403,35.5457364551238,7315.0027341074865,3220.447950208169,True
207,379.0,7458.00301504453,7575.43229762591,0.0,1788.9991144287824,3801.88545329814,11535.20870071496,32417.86916192981,4.817887081599695,2.084002702752351,3748121,Somatic,45132,0.7703312669892051,5.407438654250552,1151.4239010894294,390.1179308875715,True
208,379.0,24361.21987750341,5611.050582879949,0.0,23435.706750617188,25008.292564667423,26968.594457232997,36435.943476188455,-1.5862686598967657,-0.3327024977225157,2498846,Basal,45880,0.4674887716584573,1.1694857034096398,25770.24276175916,152.58112596255148,True
209,379.0,18265.95442141314,7012.210164599737,0.0,16503.623568926523,19228.184521685867,20897.25266445466,35101.73568358123,-0.13175760697263783,0.2776830503387575,3706601,Apical,46556,0.6943369767455779,3.7212405608933294,18999.413359364546,254.6389600984107,True
210,379.0,13880.570315553323,5909.82074925291,0.0,11168.141732139187,13938.78994030687,15716.085719575613,31212.31354770101,1.3373171735289135,0.8734937597044179,3604036,Apical,286132,4.845120725324131,33.47411702628676,13589.284749389866,2206.2178042976625,True
211,379.0,19020.05728125475,7049.9444661292855,0.0,17353.25033647052,20058.76626315786,21805.343033073037,35993.15279327444,-0.27249927514773997,0.22500898637485395,3705949,Apical,47220,0.7105174222136175,3.876148541684191,19929.112072543525,101.13357503816424,True
212,379.0,10191.365922948375,8286.884038049611,0.0,4702.449565742587,6596.508773586222,13446.948929498583,36979.13423810785,4.722097570360992,2.014398884557839,3868213,Basal,147208,2.3928880544116984,15.23465076551056,5027.321453816137,1194.0925424773409,False
213,379.0,7631.001299947398,7483.229775632356,0.0,2490.4004357771328,4357.723373505941,11394.383033869315,32820.31017525581,5.0044297091418795,2.1172259677550493,3854545,Somatic,47604,0.7030482387251034,3.694848735897464,1916.6982026391115,324.6613620374312,True
214,379.0,7704.210980381648,7479.556002041576,0.0,2472.181439701462,3733.1766633793263,11649.334403104072,32153.086150477066,4.773490889618618,2.071096464628307,3747286,Somatic,48316,0.5304848363318084,1.540867022201089,1770.942404484121,169.8617084572035,False
215,379.0,21232.748624282583,4786.758644215063,0.0,20565.240500867658,21572.39506869833,23345.07318574944,32427.015527180414,-1.5151921787822595,-0.2844643655236697,2137306,Basal,6142652,70.59012836886868,224.6199229343864,21978.01976976088,22018.27888369116,True
216,379.0,13169.720061960463,6022.480183199332,0.0,10404.194717373983,12955.01401002716,14960.517466358098,32174.17647741741,2.093541407944488,1.1342584625308259,3721819,Apical,49868,0.641336223601603,2.5558866625527017,12488.886299426382,257.69749707748423,True
217,379.0,7601.404478150245,7776.837161037355,0.0,2075.0750978818232,4032.405361567708,11501.62642889101,32953.10730416784,4.907919899859193,2.0993471256384892,3748143,Somatic,50028,0.7801517026527945,4.5712932504939525,1118.5137460040444,252.61235124197708,False
218,379.0,7458.233924625498,7684.840006697803,0.0,1743.2784946884813,3939.6391966777874,11747.116753063576,32714.743602846716,4.780789689595755,2.075837346301837,3748353,Somatic,50156,0.8539793483370748,5.965193010373048,863.9450213989314,294.0544167326857,True
219,379.0,15497.426964807186,5772.2271375784185,0.0,12300.539261632583,13861.00692590549,17588.205027122065,31099.794098996863,0.5849822129026032,0.6293808772556224,3214751,Basal,50300,0.5370275853856785,1.4749659559628123,13067.31387852913,134.01492454200763,False
220,379.0,27114.035084276606,6035.447801893563,0.0,26941.108400719226,28214.25703434347,29451.616298411776,39275.90207748258,-1.7027813802530605,-0.4088930895627676,2286805,Basal,50340,0.6233427922814196,2.3029398060265134,28073.12836147764,192.1874085365636,True
221,379.0,7602.988997774846,7545.940202076331,0.0,2328.4388986453528,4361.764436555463,11475.959977875393,32945.60621691457,4.979006247480399,2.112825519820181,3854610,Somatic,50588,0.6295955401394131,2.349730703748505,1740.1267195236098,180.6128456118224,True
222,379.0,19943.30369768707,6787.906058609185,0.0,17643.63127403624,19905.68634837794,22213.853179179227,41958.9108652739,0.6459179726681734,0.6360584785105335,4163095,Apical,50612,0.8089785077692921,4.980032023210293,19449.6160373412,410.7030557470933,True
223,379.0,8143.183716969965,8226.635984623676,0.0,2489.17483344795,4064.9014748207615,12648.9327050387,35258.40745127323,4.826502467903245,2.085341240247418,3864069,Somatic,50944,0.7593021454505299,4.064302087460828,1750.9186160413053,216.6587178029077,False
224,379.0,18171.949804124637,6867.095719163479,0.0,16007.319906651224,18434.79614750323,20543.913031339056,38503.63599713669,0.6900288614269039,0.6331111529362378,3820796,Apical,1320544,17.208345114570815,70.41087671580222,18085.751297637595,6330.582911549299,True
225,379.0,7436.845044084201,7682.410041194645,0.0,1736.1481514276384,3901.56955596078,11534.91218820395,32863.051471219165,4.88006662697042,2.0974753018381698,3748600,Somatic,180556,1.9631941897132563,5.592347024364993,888.0427917617484,571.2372536871173,True
226,379.0,14575.084792650681,6375.221397294503,0.0,11759.260795999375,14287.373201537082,16683.492951340686,35557.634862290826,2.018979073059292,1.116013980222282,3828060,Apical,1234052,15.006357605058334,53.46716253795227,13807.720883621598,3944.566896377852,True
227,379.0,12039.882314956483,5904.558366685972,0.0,9037.365212512595,11328.071327459056,13421.477468208774,32122.015394430036,3.0135791987422538,1.4355561537998933,3722127,Apical,472612,5.751599197785869,20.52506480765484,10750.858012270462,2189.866890931958,True
228,379.0,11663.242959142486,5871.238092935711,0.0,8623.548184760835,10810.650535467326,13016.062224630583,32035.50648889448,3.27736675224633,1.5197243282460513,3726647,Apical,52204,0.8906048888518603,6.245624142551742,10150.7769653362,471.2069608993484,True
229,379.0,8372.7144612882,7054.296382956781,0.0,3594.9748388114676,4491.480045597442,11812.46491939974,31714.8440954705,4.68400736202738,2.03258858195438,3633262,Basal,366896,4.503298346205775,16.346861735695054,3197.199399474484,1650.434185297917,False
230,379.0,9885.227342096383,5951.617132234552,0.0,6197.238727513377,8281.684188617675,11932.427950568872,31457.429281490884,4.255816802448317,1.8439374922082348,3731059,Apical,323408,3.923290793285937,13.91163462264326,7122.109238140061,1171.6210991613286,True
231,379.0,14065.360183968403,5898.611598206311,0.0,10626.771053444805,12126.693531214516,16218.51885003972,30131.391620700164,1.192471296557125,0.8569311580726198,3215083,Basal,1551632,15.027844262838135,33.965716825068405,11278.424047711633,2497.5317815795656,False
232,379.0,7556.703596462594,7642.392553885425,0.0,2101.233001601464,4197.878630927769,11560.102234162932,33130.58280501567,4.9509529033879485,2.1097397598615375,3854628,Somatic,120056,1.322369877100452,3.865621131419006,1428.6598615485773,353.7965517073336,True
233,379.0,22484.52708789837,5139.687779803876,0.0,21474.532523461974,22783.667307964275,24524.740448525154,36165.99243764783,-1.2843692360524268,-0.1565057434285827,2641374,Basal,53808,0.570018490812811,1.5413501700908194,22434.630217589947,167.97618878876852,False
234,379.0,9723.832294587093,8313.670853062387,0.0,4179.038394202003,6106.726127803669,13716.04348133775,36701.72644440585,4.646594448032669,2.0114239779240966,3868699,Somatic,54604,0.8593905164129381,5.129215396567197,4350.763611137705,413.12588880388506,False
235,379.0,11197.598124006456,6770.29999940618,0.0,6839.823726967432,8650.875389230849,12630.335188312194,36712.24026125346,4.731018605250473,1.9735552859923937,4074995,Apical,414736,6.147567360238222,32.545773792417855,7429.512231634053,2861.672937286859,True
236,379.0,8037.897067961136,8151.480851721714,0.0,2438.606420615999,3767.690141187303,12556.898805551966,35089.94962948793,4.837417355210571,2.091016337717704,3859681,Somatic,117680,1.8008285827062296,10.161082763262758,1527.2003797799423,554.8369129753355,False
237,379.0,20050.35726016574,7098.6405566318645,0.0,18197.326010171626,20693.1531913336,22704.049529723612,38961.26559802697,-0.05095303280332164,0.3363213188685796,3821098,Apical,1233696,13.742936296089251,41.09135567194437,20434.15425213385,4298.824490485742,True
238,379.0,8173.739598817865,8227.467084350954,0.0,2462.0976502805624,4377.779003101916,12425.975679360372,34966.70423417111,4.850490077019305,2.0852053204570593,3863262,Somatic,551336,9.052560460545294,58.80439454819243,1950.7713858881568,2083.728629164556,False
239,379.0,8083.505441930666,8047.2607419893975,0.0,2526.5149940054634,3726.27655978458,12394.3613357004,35073.779608134624,4.900086655186383,2.104291262204982,3860056,Somatic,56992,0.7424298313027465,3.0357543676716707,1670.546018522088,228.5957129956728,False
240,379.0,7815.173929024063,7099.239468358574,0.0,2966.473549630784,4803.568361124883,11201.14841390269,31923.87200826366,4.979501906678289,2.101268817073491,3744223,Somatic,57032,1.0028012226334937,7.470257009017342,2790.4809621282134,485.4894437575342,True
241,379.0,12947.338128061496,8613.492530518637,0.0,7450.25535264748,9658.127561799958,17138.999388690318,41307.17777820218,3.9499106679386173,1.792452962335867,4104791,Basal,57060,0.8003268202715615,3.793732990834875,8266.88841100447,354.3120093928514,False
242,379.0,17887.282958534222,5710.038571378066,0.0,15509.75054161331,18281.87082877461,20587.436733372255,33994.0441842391,-0.24136334083684208,0.3060211312254623,3375757,Apical,60408,0.6748943324525112,2.029768981727526,18824.800769198064,247.356018726046,True
243,379.0,7571.9829625207785,7520.165789360138,0.0,2369.1011970422655,4286.479324573957,11514.27776069512,32785.73598380857,4.949935187636038,2.107201447787164,3854354,Somatic,60576,1.1080018298398406,8.931994171792486,1744.3417096429243,379.2637604622936,True
244,379.0,7519.404523694846,7770.354515113385,0.0,1893.2051385162476,3956.9184980234304,11580.776486983304,33383.88648734596,4.947312267805319,2.1119533806149198,3858689,Somatic,61800,0.5643736198703405,1.134099997353233,930.0048386970898,161.61992451427517,True
245,379.0,18769.857446800557,6750.10737808998,0.0,17012.007423157673,19846.72003127973,21639.186675300527,35734.691673498455,-0.26727891647676927,0.24489591791283186,3590894,Apical,61856,0.8464593419983797,3.819291668087752,19821.48089825783,268.903328354262,True
246,379.0,11068.203052424687,8347.019036872454,0.0,5501.387476474018,7527.205125410094,14459.143316495,37943.69761897225,4.459486093436077,1.9388570380790857,3874403,Axonal,62396,0.8836666388771162,4.2705131350818055,6128.02912852085,385.0155841001764,False
247,379.0,8600.768515711792,6463.500730277865,0.0,4132.208683107721,6232.457701420844,11870.246136766009,31082.946449781757,4.556030103009853,1.9761407399121826,3739260,Apical,62884,1.183449057421547,10.099423152257346,4657.860023658934,622.9028816757874,True
248,379.0,7785.824931606737,7788.208095135815,0.0,2261.558603976194,4000.148622238929,11552.10960536307,34024.79207871813,5.059238834999562,2.134780488775357,3859422,Somatic,64700,0.5897126355348526,1.1804318565495098,1479.8783733807315,171.69740825067802,True
249,379.0,16398.73285662624,3705.1695314859944,0.0,14840.306427313313,16039.430195614805,17660.186540642775,26517.689567532085,-1.1522752222504686,-0.07589316421747751,2968924,Basal,453528,5.769413966293942,22.49650630869164,15999.203730186076,2389.7430824253893,True
250,379.0,27853.73033139719,6878.619524775011,0.0,25010.60188964728,29126.50849312358,31325.220958464055,42746.486031017805,-1.4709124011620727,-0.25676232506318963,2590925,Apical,66964,0.9453224895633136,4.539263327782364,30113.820481632683,330.9818726154047,True
251,379.0,7502.613786896987,7426.75562487818,0.0,2170.533702522038,4227.582760869384,11471.769689650147,32266.96621933956,4.876720531835348,2.091705902887031,3743979,Somatic,272012,2.994378120901705,8.743231506353144,1721.8260655478532,950.4925039157332,True
252,379.0,15497.62660594517,4377.175249057481,0.0,13517.890943336643,14664.924036625624,17896.03268441193,28834.43503868248,-0.32866811895841685,0.3029119019004002,3092371,Basal,68364,0.7234708746793177,1.952254389408168,14120.166287972674,197.6891499298836,False
253,379.0,9430.466679471721,8286.181439489112,0.0,3767.3557546951442,5480.418597151133,13728.679667057164,37131.55058706814,4.733661690010473,2.045988330850324,3976011,Basal,69328,1.2536910935897123,9.878305679851142,3835.827029468352,572.2656725682574,False
254,379.0,8270.77003882166,8204.235577226938,0.0,2535.315058556268,4560.77800380593,12409.913026537391,34931.88573495568,4.849703495796872,2.0820600223366785,3863285,Somatic,69548,1.010650773793993,5.142357080531246,2168.3064820269296,349.33222010000736,False
255,379.0,7611.705202507741,7601.458483337262,0.0,2243.3229803150743,3836.3201117737817,11711.566131280259,32442.29000856752,4.783092866312128,2.0742941973380584,3747672,Somatic,70420,0.6161056370561921,1.1363227153701387,1434.530236697714,167.7647161950331,False
256,379.0,15464.37608133893,8570.926503301976,0.0,10190.330279676939,12345.07549592144,19369.86578626642,44429.25447270076,3.390783639473737,1.6078692322186585,4314870,Basal,356072,3.9746446661240338,11.932940112695723,11002.976915362497,1062.8174819789144,False
257,379.0,11687.166561186907,6308.340096919743,0.0,7649.389769513108,9158.822249612664,13854.068343656345,30937.71148614584,3.042718066403249,1.4883980731513322,3422005,Basal,380700,4.542635091535861,15.584252764838894,8092.6240490955715,1291.074358819042,False
258,379.0,14771.760088554169,5811.293440309902,0.0,12393.844968623951,14983.458913081451,16875.81108083032,30716.26383530393,0.5928064897894565,0.5997513884748606,3603141,Apical,74692,1.3527505516784992,10.691365204901356,14851.19537276377,772.1761457077006,True
259,379.0,7573.183702665117,7538.341051650138,0.0,2336.0101903413024,4357.229853932427,11507.830774422619,32855.07918115554,4.959019318309357,2.1086251802971248,3854467,Somatic,75072,1.0517596312475117,4.9741823654600665,1711.6121055893475,459.1339673777143,True
260,379.0,9290.435039010492,6104.686000631984,0.0,5329.788942801049,7410.808322983397,12201.476411754316,31146.540690741243,4.302363068543489,1.8843972409097636,3734573,Apical,75284,1.2473070882685555,8.249791675100703,6045.438941880068,565.3680217345159,True
261,379.0,23043.051506703967,6119.043156973117,0.0,20687.92174499987,23874.769695224288,26100.078028576892,38298.054585056925,-1.1135817768148808,-0.07518066783886669,2705578,Apical,2401492,29.096955830508648,102.92208098232142,24831.925841545195,8777.04056046228,True
262,379.0,14122.847413343537,6336.532773949805,0.0,11244.839214134234,13704.379591940671,16102.480331161052,35318.62875310988,2.2778810506025264,1.2016810934004112,3832379,Apical,912072,9.549536875022952,25.224168922665697,13211.075807821257,1423.4286072718926,True
263,379.0,10106.834409452695,8157.556691691244,0.0,4787.097282161894,6269.156641845855,14178.395554196384,38143.00010486852,4.727381173315301,2.031175861626137,4092197,Basal,346360,3.4528366768999783,8.268006881476419,4756.739324369163,560.9286942205756,False
264,379.0,14620.99815780535,5795.296722279701,0.0,12189.942775580697,14792.022985379654,16676.998603909567,30523.28188448942,0.6435270319101853,0.618825588990363,3603312,Apical,78108,1.271062706000297,8.110321617083391,14647.653088464376,672.6789724675508,True
265,379.0,8478.403300380867,8186.656595347978,0.0,2695.4082402173435,4838.145512487196,12782.146287866937,35048.76678286984,4.7434169629678,2.0559527969040245,3863184,Somatic,78508,1.1558747331359194,6.037159726450289,2550.544451680856,330.44818050641464,False
266,379.0,17249.976877568195,5926.032705785434,0.0,14011.216523821979,15755.993050265031,19033.24545005094,33313.19169638358,0.29082409869016956,0.5097722663578843,3218653,Basal,79768,0.8042290978995138,1.9697455279723968,14977.846440660283,162.6806687962648,False
267,379.0,8094.463442082146,8221.566799376336,0.0,2403.8910830649747,4237.837656163813,12371.44999329239,34898.85008134222,4.859485205879569,2.088956445461448,3863385,Somatic,79940,0.9446882679661336,3.1788165146385943,1763.7825829733097,345.1043320504685,False
268,379.0,9521.687567102583,6521.855989777807,0.0,5267.922899661266,6354.279817571776,12603.039776822925,30535.34648567132,4.033423532119386,1.829661327487768,3527852,Basal,82936,1.1414697379228944,5.209969947850764,5217.742136211793,281.6327395740772,False
269,379.0,7434.8407486250735,7634.646684711005,0.0,1699.1299025915637,3889.087425090879,11550.023939818791,32631.384279555165,4.837581908597732,2.088058587258909,3748470,Somatic,83360,0.8085798777805234,1.8330805900109808,973.9712521424848,216.34463247328324,True
270,379.0,7657.795358199109,7755.029159914826,0.0,2159.534413600418,3857.462507918904,11527.87322221755,32903.34195792276,4.889603207411085,2.096427039995917,3747411,Somatic,199060,3.16648764246189,19.30605662828844,1311.0499609091944,1392.8693406059306,False
271,379.0,12450.514306521083,7020.441166416217,0.0,8260.194465379956,9812.62661064814,13725.697215038947,38878.9668715618,4.467415272234776,1.890071705253602,4195358,Apical,780368,7.692864417733216,18.013309587024757,8535.369470620471,1670.5942056645592,True
272,379.0,10013.879205226845,6393.547765393757,0.0,5930.3355711316835,7818.292908301658,12381.401378473645,33680.02589072639,4.572511950009451,1.94534094017411,3847034,Apical,231584,3.530420146302111,19.769252984809818,6654.139839227907,1458.2880373917903,True
273,379.0,18430.832332961734,7021.99553385767,0.0,16722.458430789273,19454.773218930102,21101.134615663643,35314.167921671324,-0.16744132171673343,0.2639429606617221,3706334,Apical,87532,1.291058633857764,6.767564106851742,19224.948270411547,230.3931422590525,True
274,379.0,8459.430295013295,6513.432525069718,0.0,3942.0829250120178,6008.235015376812,11751.937628637508,31045.537199410803,4.612700456455462,1.9940512888686965,3739191,Apical,89604,1.2936498958257825,6.497161491585447,4387.118416455157,314.6744349323599,True
275,379.0,10016.259506920214,6621.228848150528,0.0,5600.543854405118,7019.626485789682,12789.64787571767,31126.347103378517,3.970826543570473,1.7981557361714222,3532333,Basal,91148,1.3934882545285765,7.847726025091135,5782.942503604891,390.16919406841953,False
276,379.0,7668.127287892915,7382.600368476649,0.0,2567.759596740123,4427.807583895217,11436.734404792544,32575.285171430198,4.964549349818963,2.107215224135213,3854290,Somatic,92028,1.7369431033903933,14.90887909838095,2158.3382496726504,670.4215092014873,True
277,379.0,16418.323585303504,5808.059701985994,0.0,13250.94716439302,14883.212321269895,18464.736102472227,32176.002051218235,0.372880443948743,0.5476127161160472,3213474,Basal,1327308,13.706825696468153,35.22049285837936,14120.098335351637,2270.627226120572,False
278,379.0,7606.059998229433,7406.328817313496,0.0,2222.647596535447,3862.687665343912,11643.483331055359,31955.68038706108,4.745606393578484,2.065672821418538,3747373,Somatic,93864,1.509547224768372,9.407412327501138,1688.8519769358118,665.2818951391959,True
279,379.0,7787.709245454243,8104.307367927502,0.0,2010.854348777814,3655.480406184664,12206.43722256057,34528.52843664207,4.8534433686967695,2.095592086066113,3859197,Somatic,94168,0.9136764144347032,2.072520008396713,970.4555631248656,212.6617031813674,False
280,379.0,7669.137289337709,7773.458443943501,0.0,2153.2729142500457,4082.08721121928,11523.143287626692,33741.6925479443,5.032817471261138,2.1285359675386064,3859094,Somatic,95984,1.149736874599713,3.97489695614775,1291.357425347452,289.22828354087363,True
281,379.0,18912.31693185113,7047.248157074468,0.0,17228.103590188584,19960.26562949501,21679.34038099616,35871.3494728035,-0.2541517888109537,0.23197850785155255,3705963,Apical,96688,1.378150919741248,6.746419874587046,19803.04999236229,312.064095980297,True
282,379.0,10125.331314284314,5865.083120764439,0.0,6429.462243531239,8694.478075192323,11925.024758469648,31365.07777768134,4.135775882570989,1.8037506145982312,3730871,Apical,209624,3.0839670737098395,16.08330777765532,7579.615095768386,1153.3538052133006,True
283,379.0,17008.23572538839,6656.703832658594,0.0,15125.568573750625,17846.612675799293,19553.919875388186,33684.505176712926,0.09190272817757617,0.37828286879402107,3476849,Apical,3834832,40.65098437341695,110.06486293945451,17628.67405677466,8262.47057483414,True
284,379.0,10529.698370073571,5829.592644877045,0.0,6912.213591063906,9346.163490973182,11937.134595690324,31569.015252300796,3.9918568860552934,1.751202309003579,3730918,Apical,102664,1.2616597202723194,4.591118836784707,8273.368177471615,452.0276540212999,True
285,379.0,7679.105394996041,7906.158554237656,0.0,1922.463114082991,3719.911961323816,11481.151744173098,33402.21724676372,4.935772448330344,2.108432459382983,3753431,Somatic,104604,1.327223233239564,5.148296195250588,1122.6490992291403,450.4841839621009,False
286,379.0,20585.27854828524,6800.565426796184,0.0,19055.840570016553,21818.570163968125,23655.3379266326,37702.60496305262,-0.5737437389203626,0.12423930217255598,3475642,Apical,105016,1.4562496874912734,6.747218489377746,21944.71127629616,571.8679917603363,True
287,379.0,10199.130858984145,7734.982238751933,0.0,5395.026900614542,6481.979018787395,13228.403779034103,37611.74849697897,4.947288407958288,2.0684511191984036,4088036,Basal,106968,1.295026389661294,4.573580066928974,5157.739912015727,297.9345565724124,True
288,379.0,9453.30327420621,6499.644968128475,0.0,5235.100306045932,6293.778276997054,12653.171150059487,30432.42068912692,4.008213785461022,1.8261541390001306,3527840,Basal,107992,1.4915784666871956,6.856197652424512,5142.791946015316,219.29204271929248,False
289,379.0,7882.414280101173,8172.443099205945,0.0,2128.7493410850966,3899.0348805826297,12194.553636739613,34619.255696793945,4.869535736826922,2.095505566226422,3863038,Somatic,108164,2.571625669697797,35.025630380753555,1262.9841645879808,1062.572821033928,False
290,379.0,13143.511618835328,6001.003135142423,0.0,10375.769304140289,12929.905065390078,14937.913528846122,32067.16488871444,2.080794148177157,1.1304935244772558,3721688,Apical,109308,1.4232561193880495,5.8139790937997375,12462.77533296657,485.0443278711751,True
291,379.0,7704.4795589944015,7986.530464427635,0.0,1977.9616770374344,3804.7759460972206,12036.016867522663,34245.279338910346,4.891339041889983,2.1026448614857465,3859178,Somatic,109544,1.3734840130906576,5.202616556034518,850.7720023602093,445.6781349808402,True
292,379.0,8070.575960567854,8214.134194863429,0.0,2405.2298050353993,3979.1516683836016,12627.927281210781,35124.101184229614,4.812269327364852,2.083483420096614,3863849,Somatic,110412,1.546648061802805,7.312571647128593,1613.6988566644025,637.1090958383816,False
293,379.0,7813.451304966686,8002.072669525471,0.0,1949.787392146809,3884.2553984000583,11873.043906973322,33801.33892318469,4.851713685224324,2.089728452139332,3753421,Somatic,376704,3.614790720095397,8.020052205772037,1360.6943080648202,970.0932944825462,False
294,379.0,7501.411098529731,7655.350723616237,0.0,1975.0055547438697,4053.9013308170192,11456.739571506763,33013.93499720989,4.9555499545096175,2.1118903203591954,3858366,Somatic,112632,1.3092484104653868,4.262562469402403,1245.1007991323434,443.3068914420348,True
295,379.0,7943.2435302300855,8166.4981926539685,0.0,2185.397670728164,4091.041432202808,12132.166700961163,34534.12509388359,4.878904148152978,2.0945333975184717,3863143,Somatic,115080,1.4202300628936746,5.212002081252128,1481.8609921311784,501.9770911107398,False
296,379.0,25052.631284258896,6353.810730193214,0.0,22805.53792215742,26040.03218123972,28214.38377405979,39408.39814049792,-1.3717990241083928,-0.21115971662600072,2592642,Basal,2089840,24.27362281193006,78.90525094095071,27010.37578413155,7658.44794981333,True
297,379.0,7817.62116791116,7015.323573193294,0.0,2959.7816921810772,4805.178040405996,11295.383271635848,31614.00164484085,4.901355065963257,2.0839002119031944,3743835,Somatic,117944,1.6498844586033723,7.779238250359862,2872.0793860894582,718.20609855389,True
298,379.0,17327.886337842563,8196.090439766813,0.0,12452.231180265022,14429.71337206668,20068.566307350833,41577.18056819149,2.207496181765979,1.2043061428123458,3782918,Basal,118960,1.40580963218324,4.730486589474111,13577.358064071228,503.1620017449648,False
299,379.0,14355.093061555914,6306.634799231567,0.0,11912.591201664018,14453.667493062096,16510.525812542684,33165.04896724864,1.4859430678976704,0.9189801839912253,3717791,Apical,121000,1.5717314449687625,6.38987655384003,14060.317350614814,518.8641440685606,True
300,379.0,11761.300771253485,5857.680224768758,0.0,8726.640305253944,10968.85664050725,13139.524735173578,31925.033453388893,3.167619283716844,1.4857103134737537,3726481,Apical,121804,1.7101857029496663,8.123344955619844,10332.316874738211,724.6240404513226,True
301,379.0,7517.822135443009,7391.813387137562,0.0,2192.9776070615444,4292.185457316587,11496.422431625451,32171.53084638653,4.857063693819066,2.086580790311115,3743721,Somatic,124716,1.84815031374988,9.779028393912789,1795.3086085684545,537.2234172111264,True
302,379.0,7997.259690373206,8198.903330903846,0.0,2296.941525581029,3893.3400827567066,12596.150008928986,34979.874513782925,4.797717982559975,2.0815502476178427,3863621,Somatic,126556,1.9920244008686312,11.891774489617202,1473.8456499918843,667.8689991308175,False
303,379.0,19447.477579172697,6814.773867313701,0.0,17159.050734157812,19472.056183156412,21807.250375284646,41075.00452830164,0.669515728449178,0.6412440062249405,4161649,Apical,129664,2.133846120229852,13.9244690908087,19054.807792260723,973.558421462215,True
304,379.0,12786.760845492232,8610.95024505002,0.0,7250.46594733964,9509.688112656482,16588.96159011797,40956.015577690174,4.064315935491049,1.8185273773415753,4104263,Basal,131424,1.2553149641189965,2.759541553505448,8108.169213823797,368.3965254993592,False
305,379.0,20252.60096668306,6865.095850911567,0.0,18631.365025157436,21516.748639141555,23287.61926967009,37390.58075237666,-0.5108601705264331,0.14736530710440043,3476368,Apical,132108,1.6027810271512797,5.684503336552519,21535.74361381561,568.5455126900572,True
306,379.0,7917.399069161903,8113.217572846319,0.0,2132.072249984767,4033.377740802366,12023.810188356128,34285.221247645466,4.876466529252388,2.093925218338246,3862900,Somatic,132116,2.0636583615629576,12.131953988654288,1500.834434572981,776.783753692107,False
307,379.0,8109.138072532265,8164.458711100538,0.0,2368.8229124786003,4393.874030966295,12228.964241577949,34629.68622439424,4.8660537163490165,2.0876155691086598,3862958,Somatic,133064,2.5009703850450835,21.28789311746768,1885.13872168602,1121.1654650407315,False
308,379.0,13002.980716615255,6111.617368824483,0.0,10044.096011714373,12578.778994799137,14701.639489234381,33216.27482123786,2.531016362978651,1.281812167038473,3726628,Apical,952920,12.75657084501297,55.0829428155256,12052.102555156092,2508.0207335666105,True
309,379.0,13904.087815318928,6277.71404555189,0.0,10799.723376864786,13204.0003029385,15604.606809148305,35885.52984142773,2.649051890226514,1.3257318043082933,3944514,Apical,136016,1.5990392731813303,5.325073127043323,12662.19589960604,390.75439856769367,True
310,379.0,7543.971017597102,7396.786333370932,0.0,2013.9235352459884,3847.354415699183,11566.566373310181,31952.720713579307,4.761368374688045,2.070142391877806,3747572,Somatic,137020,2.362378485595406,16.9203246973588,1617.153363166277,695.3128792133797,True
311,379.0,7802.398505083167,7367.593684081448,0.0,2684.3733279176404,3804.486824789909,11712.864619595694,31912.733649751783,4.728195151689784,2.0590291816833366,3635556,Somatic,517372,7.217499879582338,33.84407870640606,2068.6964494579674,1883.6400930114007,False
312,379.0,8004.548499526238,8006.388607967875,0.0,2467.0232543785987,3836.818082734703,12267.864380734805,34875.6431912015,4.923450976641327,2.108458149403743,3859961,Somatic,140284,1.5010668401129028,4.141064497249956,1558.7828585149375,239.0334704596827,True
313,379.0,7647.809284477718,7671.735053126395,0.0,2239.6872947396955,3822.769807351732,11623.283973919199,32651.773979372087,4.834244553711525,2.084845072283783,3747737,Somatic,141344,1.6988166049188649,5.913068627677298,1404.4201650503314,458.0698636671048,False
314,379.0,7878.5582924270275,8170.865120380821,0.0,2111.5550201776186,3912.7351047572847,12162.207297324354,34599.932658894,4.876134059015053,2.0966799006066403,3863400,Somatic,142152,2.334578435533941,15.1721679986902,1274.3343360358772,979.5876683584784,False
315,379.0,11931.687372049717,8543.078480102598,0.0,6291.045732094091,8519.779809361273,16175.5809927599,40021.483443270816,4.174316245679043,1.8673112297801213,3988834,Basal,474596,5.146351292044473,14.580698160978631,7082.13703623419,1727.1181198748393,False
316,379.0,8082.693870412719,8096.659659915818,0.0,2540.342527838662,3764.670105068969,12461.187732591045,35131.21542161614,4.884400849088644,2.100618732829219,3859986,Somatic,144488,1.9639892240238896,8.74343176774427,1633.546142598978,452.6289871406824,False
317,379.0,11667.001287447392,5710.332016993922,0.0,8722.277355376784,10892.962361084334,13005.975633713791,31249.36799360909,3.0614261023299356,1.452409141985744,3725840,Apical,146608,2.454113654319455,16.569021430994713,10264.185354912488,347.3686802231888,True
318,379.0,7631.593199822693,7422.500126276141,0.0,2509.330973324315,4481.480224211638,11397.434098957609,32615.161213766827,4.979676549378501,2.110119146655023,3854247,Somatic,151292,1.8397195019883463,6.55467391360218,2032.0602845388223,658.0486304217949,True
319,379.0,15741.70699210544,8565.011281819812,0.0,10594.427457953505,12710.752180732658,19436.743488012922,42839.9144373562,3.0265125684820644,1.488957348933673,3996275,Basal,704936,7.634460187299192,21.575645952320645,11557.203338178317,1875.038399606792,False
320,379.0,7852.131953317239,6872.153115524822,0.0,2895.5625555089973,4897.018378564655,11453.852365848983,31141.198580016156,4.763078335821012,2.0525330568081768,3742502,Somatic,155460,2.561346813734391,16.75313227535246,2987.522217490608,1278.6758776171544,True
321,379.0,7546.0677322537485,7924.926506545963,0.0,1684.8621889845513,3913.324545702797,11623.699877410712,33724.422619223595,4.940352492017359,2.1108602840565642,3858427,Somatic,156108,2.659301576252253,18.594334365129043,299.8416248621929,1040.826594587206,True
322,379.0,8203.851588933938,8241.815627468695,0.0,2461.4204706449073,4385.211967510807,12481.36558505635,35073.40080459835,4.844758545547496,2.0841656897044483,3863433,Somatic,157188,2.6348449158218257,17.83834589675932,1975.536382859096,961.4203035093444,False
323,379.0,7494.99671614322,7401.711115137278,0.0,2069.204515796465,4120.627622098362,11456.454699882066,32119.45275063073,4.848327074373813,2.0865685552137045,3743692,Somatic,351780,3.3147180539508017,7.091296996076324,1680.437145507085,889.9910111905625,True
324,379.0,7878.222559387534,8167.24961338654,0.0,2089.643883900375,3769.370902418599,12368.084874322107,34703.84336064235,4.821470469233251,2.0875311093369655,3863438,Somatic,161556,2.442735143849739,13.455850122350045,1218.2955306492756,673.8456796626361,False
325,379.0,7797.255252490044,7840.9835594589595,0.0,2136.3499573416,3875.855647466763,11611.755354526318,33256.83299714511,4.888055565570321,2.095627511590885,3753080,Somatic,163980,1.9603961024914351,6.751152368498865,1510.834537598343,421.9253488473998,False
326,379.0,7543.606976878344,7350.833968813704,0.0,2002.5574209149831,3888.8986872892433,11485.95624181278,31870.145293048165,4.780961831284991,2.0736838378595954,3747674,Somatic,168024,1.445391243852771,2.57716249393833,1705.1947102897077,290.27056344038743,True
327,379.0,7941.4408648655535,8167.826013295535,0.0,2191.5767202482753,4095.982910120598,12126.151182624366,34538.71109349624,4.882330654319762,2.0952134084008858,3863177,Somatic,169200,1.776186438037692,4.71620977890576,1487.3815919258918,360.2735072136168,False
328,379.0,8134.932354538865,8240.930403260381,0.0,2425.909844892038,4142.583252030066,12554.14187412138,35131.626150806056,4.831589419661638,2.0849370951401323,3863773,Somatic,172648,1.384953822364972,2.1473901612964106,1780.8739427595654,241.9524746721968,False
329,379.0,8047.956928921917,8179.72069829706,0.0,2410.1382453241818,3839.260345431135,12675.656263550427,35111.9586038717,4.798198314387733,2.08236653496902,3864037,Somatic,175668,2.9808960028164195,20.6815623244126,1550.895547740079,421.5400336860071,False
330,379.0,7864.0545562456045,8069.465413883011,0.0,2189.8018754980894,3553.082042396432,12215.347756987381,34690.33853971448,4.8847327174482835,2.102990282234642,3859394,Somatic,178468,2.383566215609904,10.244461453597529,1188.8078061654878,820.4443917780169,False
331,379.0,31364.78555124925,6851.74839364902,0.0,30043.41187185386,32587.885540488816,34722.233134063164,44429.25447270076,-1.7572166386500165,-0.43091453090240806,2132538,Basal,183120,2.371572387362876,9.584418721412138,33567.316782846974,968.4007434941384,True
332,379.0,9661.399172788506,6588.013399993714,0.0,5352.2298439108035,6514.645730966497,12704.14800547824,30815.135842634216,4.02405443856337,1.8241849167883,3527887,Basal,185168,1.9995987265708968,5.6185579645648,5350.081588162932,376.2233379257592,False
333,379.0,14341.788927781558,8170.107162880353,0.0,9142.005964690445,11242.223845841178,16876.480303504417,39514.944514702285,3.3754691965494956,1.5832286913443625,3882516,Basal,185184,1.9828533058305973,5.477634099639481,10200.659390451188,530.2301387133704,False
334,379.0,7821.573563590219,7978.775215473483,0.0,2204.85852580025,3662.288901766216,12154.43747401563,34486.05922688181,4.894972747684294,2.1045378217231754,3859380,Somatic,186172,3.2229449652215045,23.273308315978547,1196.3247886757174,1148.383211301872,True
335,379.0,16409.75215943361,4373.596069525226,0.0,14578.298022130515,15750.309235059482,18840.50632155187,29778.3373108708,-0.5398147999194896,0.2137872878413172,2756974,Basal,3379240,38.50069142864781,120.4191882254655,15268.884340383223,10913.603621169315,False
336,379.0,7556.126193059378,7519.031844265373,0.0,2337.826994048939,4262.190164692326,11542.291628950345,32744.353894984702,4.932536681274096,2.1039113313250772,3854285,Somatic,189564,2.9952971716503933,18.01922895656124,1718.335240865414,787.635067782028,True
337,379.0,10750.829123780562,7548.278629817859,0.0,6233.720137933409,7209.830025735697,12763.46864000089,37958.32314526025,5.032816250114024,2.070032514663946,4084176,Basal,653968,6.437928158363391,15.033273719124791,5987.438517429636,1252.228812957121,True
338,379.0,18689.645185403668,7040.4139625407715,0.0,17006.837720558156,19717.95975754084,21413.439355465896,35616.24516986596,-0.21378864848620172,0.24644430915948476,3706077,Apical,206444,2.8189328135202816,12.66420194654398,19537.099170552417,499.68790259521,True
339,379.0,9954.479837272875,8030.929760984119,0.0,4835.694603402084,6127.151785291433,13789.108080696322,37802.68053987707,4.821601357994087,2.0519628304031703,4087706,Basal,613660,5.63247266345925,11.4332534006704,4629.174008395018,864.5374485816101,False
340,379.0,13590.527108377757,3576.2101834227856,0.0,11255.531485027153,12925.030135361389,15107.042566270804,25337.327167639447,-0.19928565049760927,0.37066271955704205,3177981,Basal,1624880,19.19453956406989,64.53847405767014,12704.897008634112,6541.194997857808,True
341,379.0,8000.03359085246,8192.107799106245,0.0,2301.7817870303365,3856.958516759028,12632.17155041484,34992.42988133291,4.787990066201019,2.0800151001751277,3863577,Somatic,213456,3.173090826970933,16.89502970989975,1460.3413984407894,1008.247985368679,False
342,379.0,7449.137043532853,7552.413770610312,0.0,1749.2883977811566,3890.841040186556,11422.382702529589,32399.565984747387,4.8556507831467215,2.091010874735572,3748073,Somatic,217208,3.0624746602303103,14.6687822241218,1208.6686890955684,703.0988550694703,True
343,379.0,27838.312158641653,6140.697951621226,0.0,27787.637974320365,28956.193206290085,30275.35256549665,39701.93392015054,-1.7473973070080175,-0.4375884255558458,2164701,Basal,939084,9.761121091752967,25.41080373068616,28924.676333539155,2235.420542090458,True
344,379.0,14093.864910491537,6333.779629293025,0.0,11267.24345346229,13833.221208380932,16081.812655258549,34570.382583940256,2.0937671012526105,1.1370681180658697,3832054,Apical,220208,2.33176956053423,6.299685715608111,13385.31632050584,473.3962399512696,True
345,379.0,9706.236819585833,7881.7220243287275,0.0,4694.316031285168,5779.056670426411,13141.85199903716,37232.54233865853,4.964751768177766,2.0861751795221766,4087268,Basal,221480,2.194580625546825,5.191750045952884,4397.791377498483,321.284920281049,False
346,379.0,7765.66050676811,7833.585417369512,0.0,2149.450117904463,3834.9148621579593,11591.723398453945,33211.180888369505,4.892496467426438,2.097043499442792,3752976,Somatic,225664,2.9191717676027134,11.770165494568523,1447.128190589901,633.4603381428075,False
347,379.0,7471.614789767376,7557.595654177453,0.0,1833.6661127002399,3792.133963878386,11536.253814708594,32357.586127521936,4.811980205327865,2.0825663391608398,3747819,Somatic,226920,2.717458194213452,9.390122276598232,1210.5568966388985,714.962936102285,True
348,379.0,9498.432590023034,8325.982116167928,0.0,3940.707473274436,5773.563284489052,13671.851335122712,36628.83241382395,4.6670649277076315,2.0229873101631886,3868570,Basal,227448,3.907467278361597,27.78753275607536,4040.802890515696,790.1651726063355,False
349,379.0,9097.727605549946,8209.775160189416,0.0,3514.9392970543045,5362.136141501817,12911.226269731134,35714.1887770113,4.7902519930034195,2.0539621572270677,3867788,Unknown,232516,2.279841806117215,5.281248901987901,3523.719058040808,468.918969545912,False
350,379.0,7460.274586264075,7557.626002143574,0.0,1802.8604309260447,3801.6455647521902,11486.02618777632,32374.14772623366,4.830686875032528,2.0864876308723006,3747926,Somatic,237384,3.3329949284359413,15.83176205805754,1196.7526895729125,1169.2223911643157,True
351,379.0,13344.759009938349,7143.937992497925,0.0,9304.115877925284,10516.130704779203,14610.972874954834,40160.00494272878,4.224380084005846,1.8169233948193715,4294891,Apical,245412,2.537710824506496,6.538272088023927,9395.024427855416,803.6790404135223,True
352,379.0,8454.550795483246,6561.947578736205,0.0,3935.8914341019517,6003.335406255426,11664.187069543192,31222.65158502717,4.675383307021635,2.008255171231156,3739354,Apical,252384,1.8274538038033097,2.3085738191905745,4339.5806248991385,369.92026167810815,True
353,379.0,9789.631400733215,7948.13623644665,0.0,4711.092529664481,5915.997379985897,13429.054611496154,37457.45214239751,4.899171967999143,2.0711724652268706,4087441,Basal,256420,2.051840410264571,3.165593369021501,4466.115202275911,211.6057655169159,False
354,379.0,10303.534909651798,7728.375999785917,0.0,5518.221933320427,6604.954276904572,13251.42796277514,37735.75764444117,4.9440636025183515,2.0652815101218396,4088068,Basal,256760,2.923151903093773,9.129092373389003,5296.392451471095,533.4913307636779,True
355,379.0,7568.018752831113,7520.054121341098,0.0,2182.4726757628805,3884.12409688465,11664.806954950975,32224.96077577132,4.773613498049151,2.0720957188660227,3747458,Somatic,262040,3.7140863912954014,17.978315825279232,1461.544730755785,782.5912087418309,True
356,379.0,8523.985525153215,8267.638693602274,0.0,2768.5732696397,4751.399478048546,12783.576143288661,35464.07005688997,4.800841942109102,2.069683848435719,3863446,Somatic,631512,7.262516325259745,23.143355833834544,2540.1135801377072,1849.7026788108408,False
357,379.0,27676.88352767877,6152.648897217652,0.0,27461.729215190167,28646.615018183213,30430.402967267968,39708.12839961108,-1.7320787842239747,-0.42586634724208894,2150919,Basal,1206516,14.295030585736244,48.35231570163125,29273.336468533955,4880.397934595088,True
358,379.0,12825.286526308793,6135.155931394201,0.0,9017.267895651847,10566.667970557228,14861.588503695399,30729.27373043496,2.237172978985801,1.2198684948698442,3422698,Basal,593380,6.335364871282827,17.401122755711445,9609.585839150406,1259.210863993795,False
359,379.0,9571.17112406971,6080.241211737498,0.0,5661.05074745278,7762.686133034106,11977.892299690566,31541.8900670204,4.376116189694198,1.8908058520601332,3734844,Apical,624812,4.929005514941587,7.391070947523826,6511.219240664532,953.3624704172072,True
360,379.0,26346.876786951605,5668.487467798696,0.0,25561.33775979357,27022.632662270345,28477.75815344327,40104.672944683145,-1.5348966556158157,-0.28956795788265843,2297459,Basal,1073080,11.66969560668758,33.25389840335675,26710.594527265766,2118.559888225962,False
361,379.0,7597.371357565683,7253.216700111263,0.0,2399.984139720723,4342.716776397006,11439.815609572866,31913.80680833924,4.858406390392853,2.084778211905243,3743710,Somatic,298188,2.464523735681541,4.056456975223864,2178.138884460768,500.0809934400627,True
362,379.0,9589.01521453201,6284.450003645407,0.0,5552.1935015761865,7522.413243102243,12286.207285722605,32470.63079153221,4.475535517048899,1.9264696988037417,3845969,Apical,317504,4.247173682852931,18.31174974720788,6272.432781624686,1258.7156152205312,True
363,379.0,7717.912165780418,7155.894079421898,0.0,2731.0737462181223,4626.273338228082,11347.021257558785,31885.43700500277,4.911685408357339,2.090780333771055,3743906,Somatic,320444,4.113873573618253,16.337165818567993,2560.724311596233,1401.1438184569065,True
364,379.0,18955.62876932586,7084.466025897574,0.0,17140.838163192806,19895.47337964091,21555.45138168914,36218.82583684899,-0.1667881752412157,0.2686043536501079,3814217,Apical,810368,9.35747697938703,30.06352620966694,19608.55731562116,2862.7296414436346,True
365,379.0,17837.323952926505,6960.489356727965,0.0,16028.667341657474,18659.06248984659,20460.038527878467,35162.41710974944,0.05999504756475371,0.3604254439261007,3706804,Apical,820184,10.013272837874636,35.961164475730826,18408.06279867602,1763.6748566558406,True
366,379.0,7528.160221939098,7749.707829958888,0.0,1914.5205439829547,4052.978657728165,11524.034426409737,33357.246004429086,4.967477831619435,2.115120267191953,3858373,Somatic,348820,2.9316961677699966,4.98979042347886,1036.1684226031982,839.2907720212346,True
367,379.0,8962.328837322906,6183.922979978248,0.0,4672.79028050874,5912.21143059008,12105.875308906503,29691.156730582257,4.157269301949185,1.8752067907901633,3519524,Basal,773284,8.524833605418099,24.96363745024077,4715.654779561371,2429.700598839289,True
368,379.0,7957.637548867227,8197.274766182309,0.0,2201.484409969701,3880.965343828775,12423.334209749743,34832.12804294334,4.824733961169141,2.0867258030292657,3863491,Somatic,362696,4.132960787081165,12.93083306583687,1405.6585645170026,683.7338663544464,False
369,379.0,13117.153759491497,6015.332423994029,0.0,10326.21894783046,12878.173356497418,14889.932469812817,32168.993223288788,2.135244471439382,1.1486882090521024,3721780,Apical,371072,4.100380683583649,12.063806136593495,12410.624158357226,950.4698837943264,True
370,379.0,7558.980145488912,7959.167524580544,0.0,1599.2201367375196,3859.1081871333954,11642.772530305312,33759.703434716364,4.922432874354973,2.107278077133467,3858522,Somatic,398324,3.20601553550188,5.004400988527911,227.30596120647607,652.8652234573381,False
371,379.0,10326.86164977339,6600.531116152147,0.0,5945.207406096238,7421.315584180476,12936.095992235976,31240.831551032697,3.8636531617273064,1.7593515104796174,3531727,Basal,398836,4.343535442974117,12.412795137405997,6192.810670446821,996.395503803585,False
372,379.0,13744.251716279201,8651.761534381829,0.0,8318.063882730574,10612.082783318268,17302.643069004127,41814.75557742745,3.826502651144475,1.7369181534708522,4106583,Basal,1061728,11.598042941204408,33.346923889548805,9233.059514592116,1033.2937626831974,False
373,379.0,8133.305832643951,7813.036496911966,0.0,2483.431380368711,4250.080116891916,11888.403680074263,33846.93322887614,4.89571698633433,2.0934077881684043,3749896,Basal,1309448,14.008365823771008,38.629055844398096,2139.459978592729,2762.206545499449,False
374,379.0,8095.995515933489,8230.591642614902,0.0,2398.3844044220814,4058.312580371305,12492.69451294071,35119.54027318695,4.850660841029928,2.0900348238106403,3863607,Somatic,515636,4.901917701995872,10.67430893916888,1684.576207833887,783.0964180737899,False
375,379.0,28787.167524444696,6249.896393535169,0.0,28842.074114881125,29960.624893349606,31258.750961939644,40346.98066770301,-1.7928641493757635,-0.4663068880079532,2164111,Basal,523400,5.376433804720117,13.669217546216808,30003.076392263512,1031.6375332450832,True
376,379.0,7564.97427322786,7738.505472277088,0.0,1979.8726966337092,4120.217955399932,11508.737761877012,33416.46254467998,4.986930351527054,2.118502767256575,3858749,Somatic,527440,3.410730650477653,3.436563153001152,1169.868796062191,576.2542841489337,True
377,379.0,8411.963048491603,7538.691637750839,0.0,3028.7495968931635,4437.412759705818,12010.502630187908,33303.684661010106,4.804067187436207,2.067202182964199,3749691,Basal,663292,8.405196370327925,32.52087761711598,2826.0672320381905,1364.3742155288628,False
378,379.0,10012.473916764682,7849.924359669036,0.0,5107.665836428801,6178.800854534802,13407.2233870492,37577.79542495807,4.909629978351209,2.0668900341874785,4087595,Basal,977748,9.930582465712842,24.68303033121041,4835.356139934265,793.0977241172742,True
